COUNTRY,meanval,upperval,lowerval,Age,CNTRY,ISO3,Country.code
Bulgaria,3.478758278204349e-6,4.48395623680855e-6,2.6427823823191685e-6,0,BGR,BGR,100
Bulgaria,1.867600985804222e-6,2.4503962959013787e-6,1.3855729596974638e-6,1,BGR,BGR,100
Bulgaria,7.91499813006323e-7,1.0179515985787262e-6,6.043900634577622e-7,5,BGR,BGR,100
Bulgaria,8.380417411166177e-7,1.0774773779832844e-6,6.379345477859542e-7,10,BGR,BGR,100
Bulgaria,2.038532102367035e-6,2.6708212190378597e-6,1.5281364730890362e-6,15,BGR,BGR,100
Bulgaria,3.962568646461208e-6,5.17674687258098e-6,2.977318389080063e-6,20,BGR,BGR,100
Bulgaria,4.615281113275899e-6,5.945375833500358e-6,3.5724014528692973e-6,25,BGR,BGR,100
Bulgaria,7.516442990757001e-6,9.602577952775806e-6,5.762014458778869e-6,30,BGR,BGR,100
Bulgaria,9.656686931545314e-6,1.2320831843631102e-5,7.486560494674872e-6,35,BGR,BGR,100
Bulgaria,1.3576666595012587e-5,1.6986288814474685e-5,1.0873224356461205e-5,40,BGR,BGR,100
Bulgaria,2.340376707815025e-5,2.8452283863329694e-5,1.9144492444610434e-5,45,BGR,BGR,100
Bulgaria,2.9883834736231947e-5,3.6193355608352176e-5,2.456573067629773e-5,50,BGR,BGR,100
Bulgaria,3.405341870244836e-5,4.120379980840553e-5,2.7978540641137164e-5,55,BGR,BGR,100
Bulgaria,3.168776452238241e-5,3.902973987077215e-5,2.5531767772346788e-5,60,BGR,BGR,100
Bulgaria,2.5061766769191576e-5,3.070056597660259e-5,2.011637382255571e-5,65,BGR,BGR,100
Bulgaria,2.5657712742589752e-5,3.162075792714121e-5,2.0877929590190326e-5,70,BGR,BGR,100
Bulgaria,3.294164814483325e-5,3.9510926166167995e-5,2.7443499548508145e-5,75,BGR,BGR,100
Bulgaria,5.093411097600702e-5,6.144189112106845e-5,4.1738535642300086e-5,80,BGR,BGR,100
Bulgaria,4.752761448788766e-5,5.8377297478545676e-5,3.824150236116408e-5,85,BGR,BGR,100
Bulgaria,6.063904491563344e-5,7.38686982255448e-5,4.97225541247264e-5,90,BGR,BGR,100
Bulgaria,6.888367467003101e-5,8.31891654453948e-5,5.708485783371201e-5,95,BGR,BGR,100
Croatia,1.0010591716121508e-6,1.3167660195571625e-6,7.380470716843088e-7,0,HRV,HRV,191
Croatia,2.2088814493237187e-7,2.966776804041055e-7,1.6272312760094203e-7,1,HRV,HRV,191
Croatia,1.3182633857320576e-7,1.6676962306961802e-7,1.0677475633080028e-7,5,HRV,HRV,191
Croatia,9.935286222184815e-8,1.1223473376160092e-7,8.887256763266559e-8,10,HRV,HRV,191
Croatia,5.213826185721717e-7,7.054271281056533e-7,3.810072976229924e-7,15,HRV,HRV,191
Croatia,8.025645011501367e-7,1.0769577099103824e-6,5.85506357114183e-7,20,HRV,HRV,191
Croatia,1.3042273884237204e-6,1.702676863735515e-6,9.880668085262927e-7,25,HRV,HRV,191
Croatia,2.231671445494678e-6,2.9140364189366212e-6,1.6913149290810933e-6,30,HRV,HRV,191
Croatia,3.549504578066367e-6,4.564765924810829e-6,2.7684293117426202e-006,35,HRV,HRV,191
Croatia,4.155088070988131e-6,5.353888960706085e-6,3.201433982069005e-6,40,HRV,HRV,191
Croatia,6.839919561483628e-6,8.714255149520928e-6,5.337471831175552e-6,45,HRV,HRV,191
Croatia,1.1192174595695004e-5,1.4171331742598819e-5,8.845036236749847e-6,50,HRV,HRV,191
Croatia,1.1903790771493397e-5,1.490409031747359e-5,9.385819949441182e-6,55,HRV,HRV,191
Croatia,1.2405873377267857e-5,1.5793403307338802e-5,9.636435364114962e-6,60,HRV,HRV,191
Croatia,1.2399988620451597e-5,1.5357252385077585e-5,9.899937499895423e-6,65,HRV,HRV,191
Croatia,1.635926619941384e-5,2.0335310170286625e-5,1.3015931644418794e-5,70,HRV,HRV,191
Croatia,2.144187506819084e-5,2.6302551750112345e-5,1.747179486474582e-5,75,HRV,HRV,191
Croatia,3.7109399335451276e-5,4.5443780060577146e-5,3.0148853123553267e-5,80,HRV,HRV,191
Croatia,4.445038816359419e-5,5.60392175228049e-5,3.542791302757796e-5,85,HRV,HRV,191
Croatia,6.596793747798053e-5,8.219288271272663e-5,5.297289964960928e-5,90,HRV,HRV,191
Croatia,6.890812390598691e-5,8.74763938372816e-5,5.414231905959717e-5,95,HRV,HRV,191
Czech Republic,3.9954873283722347e-7,5.298228372915917e-7,2.981049824666587e-7,0,CZE,NA,NA
Czech Republic,2.3292809011142566e-7,3.049400733086444e-7,1.7734558917658122e-7,1,CZE,NA,NA
Czech Republic,1.3567116626995283e-7,1.7300445278213747e-7,1.0747110942729454e-7,5,CZE,NA,NA
Czech Republic,2.1470013306962933e-7,2.7374337949992995e-7,1.6491332420628767e-7,10,CZE,NA,NA
Czech Republic,1.455798332495334e-6,1.9178346058198425e-6,1.0832882745645224e-6,15,CZE,NA,NA
Czech Republic,2.5588302843966623e-6,3.3117581279793853e-6,1.948778978443502e-6,20,CZE,NA,NA
Czech Republic,2.6471806788177335e-6,3.3854198112121184e-6,2.0676702910594317e-6,25,CZE,NA,NA
Czech Republic,4.087107848105865e-6,5.175777302112495e-6,3.203390036457169e-6,30,CZE,NA,NA
Czech Republic,6.47192713107409e-6,8.036933393339418e-6,5.127518882293559e-6,35,CZE,NA,NA
Czech Republic,1.084067396075034e-5,1.336296476984164e-5,8.77123721938941e-6,40,CZE,NA,NA
Czech Republic,1.8565705899778015e-5,2.2450710511216814e-5,1.5345850690012343e-5,45,CZE,NA,NA
Czech Republic,2.6040669979627002e-5,3.102875747792787e-5,2.175381147213143e-5,50,CZE,NA,NA
Czech Republic,3.1819065392559e-5,3.777861582719317e-5,2.6573426586370928e-5,55,CZE,NA,NA
Czech Republic,3.0787068275414675e-5,3.718306788734156e-5,2.515275784689517e-5,60,CZE,NA,NA
Czech Republic,2.652706793217133e-5,3.1741417010406695e-5,2.185663562007674e-5,65,CZE,NA,NA
Czech Republic,2.7939480140254837e-5,3.389945983070435e-5,2.2704012637073267e-5,70,CZE,NA,NA
Czech Republic,3.244863892947689e-5,3.9134053790216864e-5,2.669689663399482e-5,75,CZE,NA,NA
Czech Republic,4.865992046428118e-5,5.870335512850265e-5,3.999638379808043e-5,80,CZE,NA,NA
Czech Republic,7.856940621894939e-5,9.52633258499051e-5,6.394996427432934e-5,85,CZE,NA,NA
Czech Republic,1.1302533282983961e-4,1.3977935796505295e-4,9.033007456271041e-5,90,CZE,NA,NA
Czech Republic,1.4468136688696164e-4,1.848998138878977e-4,1.1340075551581734e-4,95,CZE,NA,NA
Hungary,9.758313889403052e-7,1.2979507455691922e-6,7.175744795557114e-7,0,HUN,HUN,348
Hungary,2.452418642892199e-7,3.275203349500987e-7,1.8074330393470862e-7,1,HUN,HUN,348
Hungary,1.698563502929809e-7,2.210928653138581e-7,1.3196970059783094e-7,5,HUN,HUN,348
Hungary,2.1787683671069214e-7,2.7689541268955743e-7,1.7106914773637673e-7,10,HUN,HUN,348
Hungary,1.2052764191524067e-6,1.6214286180445195e-6,8.662998042417824e-7,15,HUN,HUN,348
Hungary,1.8116424357623797e-6,2.3794564937022647e-6,1.3612558937836793e-6,20,HUN,HUN,348
Hungary,3.0117400034438286e-6,3.881465901408068e-6,2.3162458282190624e-6,25,HUN,HUN,348
Hungary,5.124736106173469e-6,6.57567864003344e-6,3.949795770521124e-6,30,HUN,HUN,348
Hungary,1.0207184810947071e-5,1.2683873785834991e-5,8.114122320333403e-6,35,HUN,HUN,348
Hungary,1.6488103871265076e-5,1.9957387558999906e-5,1.3402754591874008e-5,40,HUN,HUN,348
Hungary,3.239177940088474e-5,3.870321180713055e-5,2.6981143563532845e-5,45,HUN,HUN,348
Hungary,4.737114186014396e-5,5.584611459500893e-5,3.988747482449797e-5,50,HUN,HUN,348
Hungary,4.7867715083646174e-5,5.620622363869027e-5,4.051999962554747e-5,55,HUN,HUN,348
Hungary,4.625597634709811e-5,5.519344976214622e-5,3.8660388322833835e-5,60,HUN,HUN,348
Hungary,3.961055569187244e-5,4.6968004322669536e-5,3.299692129255365e-5,65,HUN,HUN,348
Hungary,4.097543988036456e-5,4.918037660846284e-5,3.344844330001861e-5,70,HUN,HUN,348
Hungary,4.629248727015821e-5,5.5001463909257875e-5,3.861495468474768e-5,75,HUN,HUN,348
Hungary,6.53739648501555e-5,7.863964396008619e-5,5.4126012370223325e-5,80,HUN,HUN,348
Hungary,9.013608128344241e-5,1.1107975255213443e-4,7.259033244086957e-5,85,HUN,HUN,348
Hungary,9.52005669908281e-5,1.1865122289581215e-4,7.507603356145912e-5,90,HUN,HUN,348
Hungary,1.4444431721666402e-4,1.825509198157854e-4,1.1158017022341797e-4,95,HUN,HUN,348
Poland,1.0386187435723059e-6,1.3539337713296505e-6,7.77291855814387e-7,0,POL,POL,616
Poland,7.578954988180055e-7,9.86747137858086e-7,5.701556709218296e-7,1,POL,POL,616
Poland,2.638583311007714e-7,3.3734268098795335e-7,2.0499044247620833e-7,5,POL,POL,616
Poland,3.701822286082957e-7,4.6022124941891767e-7,2.9654649857687575e-7,10,POL,POL,616
Poland,1.5186876303033977e-6,1.9765040719506523e-6,1.1704218361768502e-6,15,POL,POL,616
Poland,2.4712078619802443e-6,3.100626746476352e-6,1.9474819113725138e-6,20,POL,POL,616
Poland,2.9961092265816107e-6,3.7084902526384176e-6,2.3883011373497775e-6,25,POL,POL,616
Poland,6.167614849809836e-6,7.450188150368903e-6,5.037722741729677e-6,30,POL,POL,616
Poland,1.0784238347925156e-5,1.2767750485314302e-5,9.083480837059948e-6,35,POL,POL,616
Poland,1.546807852712434e-5,1.8312306066914994e-5,1.3014864609939385e-5,40,POL,POL,616
Poland,2.479582787747665e-5,2.9151813092200786e-5,2.1032165966902562e-5,45,POL,POL,616
Poland,2.9158073525489517e-5,3.3864755002439385e-5,2.4892361587910226e-5,50,POL,POL,616
Poland,2.828199660092286e-5,3.288887378721538e-5,2.40727253856141e-5,55,POL,POL,616
Poland,2.3944213381048697e-5,2.8402505787414863e-5,2.0116833890254654e-5,60,POL,POL,616
Poland,1.9860134499352647e-5,2.3202512620254346e-5,1.696217144106196e-5,65,POL,POL,616
Poland,1.6414475987130613e-5,1.96451618463374e-5,1.367971965133677e-5,70,POL,POL,616
Poland,1.766173784633435e-5,2.0971916470392746e-5,1.4857449945258986e-5,75,POL,POL,616
Poland,2.4193823618601546e-5,2.8652821977365495e-5,2.0380500583856462e-5,80,POL,POL,616
Poland,3.1427617083845254e-5,3.8093548307025206e-5,2.5689172101653588e-5,85,POL,POL,616
Poland,4.439733621989023e-5,5.5423859833635235e-5,3.5372273475920694e-5,90,POL,POL,616
Poland,6.38835261175353e-5,8.097759100233098e-5,5.078568750529252e-5,95,POL,POL,616
Romania,3.4832986194108177e-6,4.406843249158594e-6,2.736636769697963e-6,0,ROU,ROU,642
Romania,1.5961043361709924e-6,2.083846931583211e-6,1.2193514804468852e-6,1,ROU,ROU,642
Romania,8.011115904464479e-7,1.0082086682220002e-6,6.229462902445075e-7,5,ROU,ROU,642
Romania,1.1220327226507103e-6,1.3869448946124783e-6,8.890321990189806e-7,10,ROU,ROU,642
Romania,2.185499512652465e-6,2.808962870471837e-6,1.677495724789986e-6,15,ROU,ROU,642
Romania,3.753963305686416e-6,4.722288761612083e-6,2.92078636218584e-6,20,ROU,ROU,642
Romania,5.119256461868087e-6,6.3228174154024415e-6,4.165669379187065e-6,25,ROU,ROU,642
Romania,7.490085162022096e-6,9.087690739791409e-6,6.054109563530646e-6,30,ROU,ROU,642
Romania,1.1908744811831017e-5,1.4150545554000198e-5,1.0049142543006283e-5,35,ROU,ROU,642
Romania,2.0094168519697465e-5,2.3632688514637675e-5,1.711330521218716e-5,40,ROU,ROU,642
Romania,3.089683787276242e-5,3.60835789325666e-5,2.6478834872622403e-5,45,ROU,ROU,642
Romania,3.9609592690939804e-5,4.5847061246277564e-5,3.428873354743434e-5,50,ROU,ROU,642
Romania,4.173115519493452e-5,4.844048367203481e-5,3.6063799051431464e-5,55,ROU,ROU,642
Romania,3.9186238729533585e-5,4.614140584917028e-5,3.316886693492345e-5,60,ROU,ROU,642
Romania,3.8357924993377445e-5,4.416896847771159e-5,3.305658534141625e-5,65,ROU,ROU,642
Romania,3.468235694867999e-5,4.0469213191000384e-5,2.9425415730452617e-5,70,ROU,ROU,642
Romania,3.561276088262893e-5,4.121645990259297e-5,3.05490747934565e-5,75,ROU,ROU,642
Romania,4.454477709723656e-5,5.233958524794666e-5,3.77179970379677e-5,80,ROU,ROU,642
Romania,4.7190310490398495e-5,5.712281507713736e-5,3.874786101027443e-5,85,ROU,ROU,642
Romania,3.9109425011375514e-5,4.7719507045730186e-5,3.189570914891942e-5,90,ROU,ROU,642
Romania,2.2148054672465945e-5,2.7882164459459467e-5,1.746771812217415e-5,95,ROU,ROU,642
Slovakia,3.2910747198977207e-6,4.959161450713411e-6,1.7659435932072448e-6,0,SVK,SVK,703
Slovakia,8.524848194041875e-7,1.2334368557358528e-6,5.767201261457715e-7,1,SVK,SVK,703
Slovakia,2.9585146419245505e-7,5.223069375868408e-7,1.8766887429018073e-7,5,SVK,SVK,703
Slovakia,3.363686287964999e-7,5.329521169167563e-7,2.2899689289239265e-7,10,SVK,SVK,703
Slovakia,1.55825676938542e-6,2.525684228839926e-6,9.944132451165562e-7,15,SVK,SVK,703
Slovakia,2.8691272070588043e-6,4.341737307519934e-6,1.882263497965204e-6,20,SVK,SVK,703
Slovakia,3.6680124255380183e-6,5.533116853525582e-6,2.487221598691558e-6,25,SVK,SVK,703
Slovakia,6.171708040709926e-6,9.000823807879601e-6,4.083692686069372e-6,30,SVK,SVK,703
Slovakia,1.2721030247203133e-5,1.7919753362362716e-5,6.652343970785174e-6,35,SVK,SVK,703
Slovakia,2.0259291863215993e-5,2.9550616981482306e-5,9.844915185637827e-6,40,SVK,SVK,703
Slovakia,3.528517909284604e-5,5.1116394997408056e-5,1.4321232343059526e-5,45,SVK,SVK,703
Slovakia,4.708252391310882e-5,6.863947991700185e-5,1.750164890455029e-5,50,SVK,SVK,703
Slovakia,4.8387357269612945e-5,7.139621433327406e-5,1.8491201504753333e-5,55,SVK,SVK,703
Slovakia,4.394926547603732e-5,6.640491753488352e-5,1.6641172123513632e-5,60,SVK,SVK,703
Slovakia,3.346241633583138e-5,4.744869125253935e-5,1.6417336865476454e-5,65,SVK,SVK,703
Slovakia,2.7232130247387467e-5,3.757350441465861e-5,1.798359242280664e-5,70,SVK,SVK,703
Slovakia,2.6206916985824302e-5,3.7666869680118646e-5,1.9373386210978477e-5,75,SVK,SVK,703
Slovakia,4.169720598478717e-5,5.807244721435386e-5,3.0687869039147223e-005,80,SVK,SVK,703
Slovakia,4.927693518233052e-5,6.881946399790959e-5,3.6742481018989114e-5,85,SVK,SVK,703
Slovakia,6.64083866779146e-5,8.943917495946404e-5,4.967817973339276e-5,90,SVK,SVK,703
Slovakia,6.427337839121142e-5,9.827109334669438e-5,4.8441446094917854e-5,95,SVK,SVK,703
Slovenia,1.009683762760966e-7,1.287438785835439e-7,7.794280579770951e-8,0,SVN,SVN,705
Slovenia,2.36033089621265e-7,3.1797234085510644e-7,1.7316444202486692e-7,1,SVN,SVN,705
Slovenia,1.0002143195187163e-7,1.1317174642446812e-7,8.785284093349172e-8,5,SVN,SVN,705
Slovenia,1.395575224325199e-7,1.8005024517579673e-7,1.0899615358681571e-7,10,SVN,SVN,705
Slovenia,4.839650943817988e-7,6.465900977630498e-7,3.554841523104955e-7,15,SVN,SVN,705
Slovenia,1.1554924982434463e-6,1.5585361089545232e-6,8.449400235496608e-7,20,SVN,SVN,705
Slovenia,1.453873905994095e-6,1.9005936415913772e-6,1.0833997251837441e-6,25,SVN,SVN,705
Slovenia,2.622228782704823e-6,3.4649841796841622e-6,1.9447217895175942e-6,30,SVN,SVN,705
Slovenia,4.735864798829106e-6,6.224139126258618e-6,3.602590649884068e-6,35,SVN,SVN,705
Slovenia,6.929233534362756e-6,8.957407588658319e-6,5.244852284076823e-6,40,SVN,SVN,705
Slovenia,1.1364203508869197e-5,1.468407301734249e-5,8.74151865885268e-6,45,SVN,SVN,705
Slovenia,1.722976752168865e-5,2.191971205279417e-5,1.3387369049799203e-5,50,SVN,SVN,705
Slovenia,1.618278363698831e-5,2.0872035491901846e-5,1.2406094733888346e-5,55,SVN,SVN,705
Slovenia,1.6099786264953003e-5,2.1097103645154035e-5,1.1937910898414197e-5,60,SVN,SVN,705
Slovenia,1.6299528675861075e-5,2.0677283937299903e-5,1.2558783243985361e-5,65,SVN,SVN,705
Slovenia,1.6719266762431003e-5,2.1543594421524945e-5,1.2842086547871788e-5,70,SVN,SVN,705
Slovenia,1.9718206824951818e-5,2.4618548239663947e-5,1.550616077922543e-5,75,SVN,SVN,705
Slovenia,3.0146776321834344e-5,3.7932577666793146e-5,2.34115045940275e-5,80,SVN,SVN,705
Slovenia,4.6293694746210396e-5,5.806269531202181e-5,3.635112029361698e-5,85,SVN,SVN,705
Slovenia,6.727986088508038e-5,8.405154381895466e-5,5.2505139638201446e-5,90,SVN,SVN,705
Slovenia,9.0418864836084e-5,1.1423325340023096e-4,7.051799077286001e-5,95,SVN,SVN,705
Estonia,1.1955662507890766e-6,1.56118995428989e-6,8.682590806939688e-7,0,EST,EST,233
Estonia,1.2332262023939729e-6,1.6666972330163677e-6,8.865704593014668e-7,1,EST,EST,233
Estonia,1.08661846323057e-6,1.4196565965089955e-6,8.216606362836266e-7,5,EST,EST,233
Estonia,9.17658506497287e-7,1.171757658811399e-6,6.918153185667773e-7,10,EST,EST,233
Estonia,4.311141419134671e-6,5.682388585939905e-6,3.2597339646808767e-6,15,EST,EST,233
Estonia,7.778028933191118e-6,1.050642619815821e-5,5.648588190055809e-6,20,EST,EST,233
Estonia,1.3754933315273291e-5,1.7901222045321217e-5,1.0359456730553675e-5,25,EST,EST,233
Estonia,1.9984289104486072e-5,2.6258467875469428e-5,1.5069348656680063e-5,30,EST,EST,233
Estonia,3.4962043494134606e-5,4.45937982610536e-5,2.72114609748076e-5,35,EST,EST,233
Estonia,6.411971669757366e-5,7.96468944815958e-5,5.170653676602812e-5,40,EST,EST,233
Estonia,9.762633909514318e-5,1.2009568029085474e-4,7.916735627198195e-5,45,EST,EST,233
Estonia,1.4786676997891895e-4,1.760512509272753e-4,1.2150885063898213e-4,50,EST,EST,233
Estonia,1.6235823234691775e-4,1.97259931788687e-4,1.3303055463451276e-4,55,EST,EST,233
Estonia,1.6472575168295878e-4,2.0344998214834442e-4,1.3177320740995226e-4,60,EST,EST,233
Estonia,1.203791768531672e-4,1.476895661183821e-4,9.737696766756569e-5,65,EST,EST,233
Estonia,8.736237512825663e-5,1.1058250075447827e-4,6.855228960818924e-5,70,EST,EST,233
Estonia,6.51625811051214e-5,8.07144803330321e-5,5.236878764926153e-5,75,EST,EST,233
Estonia,8.025011986262974e-5,9.976115817667859e-5,6.38214610698219e-5,80,EST,EST,233
Estonia,9.085761557348707e-5,1.1354064333352495e-4,7.095388445778548e-5,85,EST,EST,233
Estonia,1.0955702667296227e-4,1.368500453567394e-4,8.643383836707362e-5,90,EST,EST,233
Estonia,1.676248974328061e-4,2.0577813035567677e-4,1.3383064712755322e-4,95,EST,EST,233
Latvia,1.3273517246365812e-006,1.8811522534640417e-6,9.326911466042521e-7,0,LVA,LVA,428
Latvia,3.951040048488574e-7,5.659758769510911e-7,2.683040884420631e-7,1,LVA,LVA,428
Latvia,1.3942355151046129e-7,1.6658693480411927e-7,1.0661585189927559e-7,5,LVA,LVA,428
Latvia,1.4452567152233896e-7,1.7078927578308815e-7,1.0811974236793663e-7,10,LVA,LVA,428
Latvia,3.114648792027648e-6,4.068058828466066e-6,2.3216674007326137e-6,15,LVA,LVA,428
Latvia,7.877798806325603e-6,1.0345012080671189e-5,6.0391511895848e-6,20,LVA,LVA,428
Latvia,1.7597616708667547e-5,2.278162961539408e-5,1.3500842784722484e-5,25,LVA,LVA,428
Latvia,2.934621914107101e-5,3.705144111333698e-5,2.2907079097117358e-5,30,LVA,LVA,428
Latvia,5.445307449319761e-5,6.590114794329546e-5,4.416999319914221e-5,35,LVA,LVA,428
Latvia,9.1908699497383e-5,1.1055882193650414e-4,7.527413887285736e-5,40,LVA,LVA,428
Latvia,1.4334747909869745e-4,1.694764361540732e-4,1.1943378960978558e-4,45,LVA,LVA,428
Latvia,1.9873038019886728e-4,2.3357694728975132e-4,1.6574480323901193e-4,50,LVA,LVA,428
Latvia,2.122896395554121e-4,2.493098454232644e-4,1.7859505925578082e-4,55,LVA,LVA,428
Latvia,2.2454856746457975e-4,2.668160643423613e-4,1.859138013782421e-4,60,LVA,LVA,428
Latvia,1.5906762688957054e-4,1.8948600054247846e-4,1.3120199635252496e-4,65,LVA,LVA,428
Latvia,1.0694894972913531e-4,1.3220034051114878e-4,8.536509331751237e-5,70,LVA,LVA,428
Latvia,7.95633342739388e-5,9.788045395065502e-5,6.335926712947136e-5,75,LVA,LVA,428
Latvia,6.971384380204573e-5,8.763856656350349e-5,5.505033902530662e-5,80,LVA,LVA,428
Latvia,7.441725978826635e-5,9.471633922192216e-5,5.7617187310728696e-5,85,LVA,LVA,428
Latvia,8.637984917740043e-5,1.1135080732517973e-4,6.586654153941286e-5,90,LVA,LVA,428
Latvia,1.0686898304567491e-4,1.381777380353142e-4,8.083419840976661e-5,95,LVA,LVA,428
Lithuania,2.445811420643962e-6,3.1334059019198562e-6,1.8652646922404775e-6,0,LTU,LTU,440
Lithuania,2.2046973555145154e-6,2.892951093432545e-6,1.6225524862119329e-6,1,LTU,LTU,440
Lithuania,9.209770583194878e-7,1.1964205992987743e-6,7.089341533574761e-7,5,LTU,LTU,440
Lithuania,9.617553241525722e-7,1.2404688755740477e-6,7.325530068379662e-7,10,LTU,LTU,440
Lithuania,6.109015774712056e-6,7.816918246827199e-6,4.6736192537884165e-6,15,LTU,LTU,440
Lithuania,1.074360458373064e-5,1.3904571551009045e-5,8.22627371218885e-6,20,LTU,LTU,440
Lithuania,2.4466727137157556e-5,3.0358529072276637e-5,1.9604160380204438e-5,25,LTU,LTU,440
Lithuania,4.249955649446234e-5,5.261883785319042e-5,3.3991386721969837e-5,30,LTU,LTU,440
Lithuania,6.835056196120989e-5,8.180282235528515e-5,5.671025900749088e-5,35,LTU,LTU,440
Lithuania,1.1038758082662533e-4,1.2986963987661286e-4,9.281773857411983e-5,40,LTU,LTU,440
Lithuania,1.6978882751432086e-4,1.958443345793815e-4,1.45939831712339e-4,45,LTU,LTU,440
Lithuania,2.2303368726030021e-4,2.559102013349155e-4,1.92088680663962e-4,50,LTU,LTU,440
Lithuania,2.5829010879430906e-4,2.9914562454343873e-4,2.2217327518587467e-4,55,LTU,LTU,440
Lithuania,2.7604101439658796e-4,3.2350992867460654e-4,2.334883236116475e-4,60,LTU,LTU,440
Lithuania,2.1569611826864637e-4,2.496771832009361e-4,1.833929751815072e-4,65,LTU,LTU,440
Lithuania,1.4880730547544828e-4,1.7690770310842822e-4,1.2458159825662145e-4,70,LTU,LTU,440
Lithuania,1.069990648058204e-4,1.289360121058422e-4,8.770891149488096e-5,75,LTU,LTU,440
Lithuania,1.133074220691238e-4,1.3858100031127095e-4,9.158234050730438e-5,80,LTU,LTU,440
Lithuania,1.2792041307141386e-4,1.5758714652928553e-4,1.0247013661745113e-4,85,LTU,LTU,440
Lithuania,1.5281940095278907e-4,1.860699906767086e-4,1.2338627287014585e-4,90,LTU,LTU,440
Lithuania,1.1905490015872278e-4,1.4898818610585896e-4,9.455617551793945e-5,95,LTU,LTU,440
Austria,4.910008136129694e-7,6.916241331817756e-7,3.467451457436835e-7,0,AUT,AUT,40
Austria,3.125581800504409e-7,4.392229602314289e-7,2.130633251812741e-7,1,AUT,AUT,40
Austria,1.332861479343842e-7,1.6883414160486315e-7,1.0543727405769252e-7,5,AUT,AUT,40
Austria,1.307972475434692e-7,1.655015395825488e-7,1.0483025575620766e-7,10,AUT,AUT,40
Austria,1.0043665278736775e-6,1.25992865216639e-6,7.847446313059069e-7,15,AUT,AUT,40
Austria,1.2080496068575017e-6,1.5941833432478628e-6,8.903222852042674e-7,20,AUT,AUT,40
Austria,1.1671045649969727e-6,1.5266688119724971e-6,8.719617476462916e-7,25,AUT,AUT,40
Austria,1.7575625091931855e-6,2.2707419212271053e-6,1.3450914968743363e-6,30,AUT,AUT,40
Austria,2.604309007251024e-6,3.285390979248541e-6,2.040455205699077e-6,35,AUT,AUT,40
Austria,3.4504270496320714e-6,4.418464649370328e-6,2.644227707868831e-6,40,AUT,AUT,40
Austria,5.04954003301283e-6,6.363922748583904e-6,3.97934242407275e-6,45,AUT,AUT,40
Austria,6.287759962266144e-6,7.949692432117393e-6,4.927246849643105e-6,50,AUT,AUT,40
Austria,8.142673857322578e-6,1.0228752567627954e-5,6.3971447361022765e-6,55,AUT,AUT,40
Austria,9.023717508902707e-6,1.1484961112849794e-5,6.956589802687329e-6,60,AUT,AUT,40
Austria,1.0919718049245729e-5,1.3504206957156268e-5,8.698624108999898e-6,65,AUT,AUT,40
Austria,1.4793351498947836e-5,1.8493873474417267e-5,1.1565416360862825e-5,70,AUT,AUT,40
Austria,1.8702087529306653e-5,2.288296821682477e-5,1.5038324732423132e-5,75,AUT,AUT,40
Austria,3.68905149446508e-5,4.492702651786423e-5,2.982831050873199e-5,80,AUT,AUT,40
Austria,6.798332896633553e-5,8.329479600774682e-5,5.522754717001488e-5,85,AUT,AUT,40
Austria,1.0545075653739573e-4,1.318321425342365e-4,8.414709227881067e-5,90,AUT,AUT,40
Austria,1.7555454636993e-4,2.2439674564308823e-4,1.355317450624252e-4,95,AUT,AUT,40
Belgium,8.496673437332801e-7,1.172152900371121e-6,5.953603027233273e-7,0,BEL,BEL,56
Belgium,4.489641406328489e-7,5.841248814357098e-7,3.3898877213038276e-7,1,BEL,BEL,56
Belgium,2.526471842571414e-7,2.9003401078083875e-7,2.2175592774437276e-7,5,BEL,BEL,56
Belgium,1.1764106808560071e-7,1.4340487896573936e-7,9.786831591148488e-8,10,BEL,BEL,56
Belgium,3.81047366610924e-7,4.979052718923937e-7,2.9109782972261865e-7,15,BEL,BEL,56
Belgium,5.9726273276046e-7,7.987444289511437e-7,4.432085814457998e-7,20,BEL,BEL,56
Belgium,6.84313573157469e-7,8.939181206448357e-7,5.156825411787918e-7,25,BEL,BEL,56
Belgium,1.0894297933762394e-6,1.411238611894645e-6,8.07998540230749e-7,30,BEL,BEL,56
Belgium,1.5636820630201033e-6,1.956181134088855e-6,1.2518049393046856e-6,35,BEL,BEL,56
Belgium,1.6785755036586942e-6,2.1001978177393414e-6,1.3260035665884608e-6,40,BEL,BEL,56
Belgium,2.840035780324468e-6,3.5650263043586468e-6,2.2655994542534554e-6,45,BEL,BEL,56
Belgium,3.3915951593440307e-6,4.294907940302748e-6,2.644847739420165e-6,50,BEL,BEL,56
Belgium,4.038973917527907e-6,5.029249443984173e-6,3.2473625894210247e-6,55,BEL,BEL,56
Belgium,5.124980216164699e-6,6.4677684536120795e-6,4.045399321259924e-6,60,BEL,BEL,56
Belgium,6.060468875949871e-6,7.562842391092507e-6,4.760554926222791e-6,65,BEL,BEL,56
Belgium,1.0455249189820612e-5,1.2943348429841296e-5,8.383744184828631e-6,70,BEL,BEL,56
Belgium,1.827943487432963e-5,2.1981608513447183e-5,1.5091276603170857e-5,75,BEL,BEL,56
Belgium,4.8985941666868755e-5,5.793537727425597e-5,4.130656905938356e-5,80,BEL,BEL,56
Belgium,1.2215663600614264e-4,1.4536699830063933e-4,1.012212800707682e-4,85,BEL,BEL,56
Belgium,3.0343711029771377e-4,0.00035693076190366785,2.56699382459154e-4,90,BEL,BEL,56
Belgium,5.205003633159167e-4,6.40872349863009e-4,4.2105706152344526e-4,95,BEL,BEL,56
Cyprus,2.992181576323634e-7,7.243657531561145e-7,1.5929811024708176e-7,0,CYP,CYP,196
Cyprus,1.2017375527660132e-7,2.2003929687474182e-7,8.806354405942905e-8,1,CYP,CYP,196
Cyprus,9.81774492320963e-8,1.6164227144173117e-7,7.699116386578837e-8,5,CYP,CYP,196
Cyprus,1.2669322270365374e-7,1.9690257175184545e-7,1.0129514441510642e-7,10,CYP,CYP,196
Cyprus,4.3833408612460504e-7,1.024962803594346e-6,2.296218275503806e-7,15,CYP,CYP,196
Cyprus,7.180097062494818e-7,1.6875732317643707e-6,3.7536237547502765e-7,20,CYP,CYP,196
Cyprus,6.272457387330584e-7,1.4223323269184362e-6,3.565197997593426e-7,25,CYP,CYP,196
Cyprus,8.466652015577529e-7,1.7062414468381656e-6,5.123920358289038e-7,30,CYP,CYP,196
Cyprus,1.4682325391285808e-6,2.1114228549237656e-6,9.694435483057264e-7,35,CYP,CYP,196
Cyprus,1.7967778699375594e-6,2.562618850647733e-6,1.1964648579743418e-6,40,CYP,CYP,196
Cyprus,3.0833984086546427e-6,4.550125107602029e-6,1.720141642916586e-6,45,CYP,CYP,196
Cyprus,3.121352084773513e-6,4.340607421699841e-6,2.2002867193419092e-6,50,CYP,CYP,196
Cyprus,3.923455901795591e-6,5.4272210070154465e-6,2.620654133013987e-6,55,CYP,CYP,196
Cyprus,6.9567650325442765e-6,9.884439064522204e-6,3.513298112011464e-6,60,CYP,CYP,196
Cyprus,9.634603876193182e-6,1.3946046794457413e-5,4.5181199725667125e-6,65,CYP,CYP,196
Cyprus,2.3607211967086918e-5,3.679155560109297e-5,7.69132879996115e-6,70,CYP,CYP,196
Cyprus,3.6683387760814656e-5,5.529998406976255e-5,1.2193362651353342e-5,75,CYP,CYP,196
Cyprus,6.342644269737408e-5,9.564447066430524e-5,2.116550857788179e-5,80,CYP,CYP,196
Cyprus,1.2646983784903842e-4,1.952826009699852e-4,3.795993550914086e-5,85,CYP,CYP,196
Cyprus,2.3672750372461733e-4,3.688583292657697e-4,5.507672364316295e-5,90,CYP,CYP,196
Cyprus,4.013095283568321e-4,6.340575624201235e-4,9.345609811872606e-5,95,CYP,CYP,196
Denmark,5.996915544444533e-7,8.881026397477912e-7,3.934155324459206e-7,0,DNK,DNK,208
Denmark,9.772298635082866e-8,1.307220968498742e-7,7.215500509900499e-8,1,DNK,DNK,208
Denmark,9.43997653979861e-8,1.0983246318327061e-7,8.0331975998817793e-008,5,DNK,DNK,208
Denmark,1.0038810677348129e-7,1.1583188422778548e-7,8.584476488413769e-8,10,DNK,DNK,208
Denmark,4.721400317127247e-7,6.341695318374949e-7,3.4358041855675956e-7,15,DNK,DNK,208
Denmark,3.880246918722771e-7,5.161081329768936e-7,2.873426540152192e-7,20,DNK,DNK,208
Denmark,2.734150213373888e-7,3.5537791606236815e-7,2.0721185476251856e-7,25,DNK,DNK,208
Denmark,5.875659639547759e-7,7.855411920240194e-7,4.284703972590212e-7,30,DNK,DNK,208
Denmark,9.934854419811006e-7,1.276538509501933e-6,7.635631242719211e-7,35,DNK,DNK,208
Denmark,1.2351959848601542e-6,1.6144350760410908e-6,9.144567150518578e-7,40,DNK,DNK,208
Denmark,2.640824279413851e-6,3.2958581903118613e-6,2.08467898318585e-6,45,DNK,DNK,208
Denmark,3.612760733948531e-6,4.582285723771981e-6,2.8037119638323503e-6,50,DNK,DNK,208
Denmark,4.06682520381753e-6,5.2557248199662374e-6,3.078976815655551e-6,55,DNK,DNK,208
Denmark,4.925188209061762e-6,6.280777190058032e-6,3.743875334892522e-6,60,DNK,DNK,208
Denmark,6.457161244291505e-6,8.04784932676101e-6,5.112343296538816e-6,65,DNK,DNK,208
Denmark,1.0726052372060036e-5,1.3592236617372724e-5,8.280598085750445e-6,70,DNK,DNK,208
Denmark,1.7495577024621953e-5,2.1568744889890937e-5,1.391833741795994e-5,75,DNK,DNK,208
Denmark,3.473599824866298e-5,4.30935533347389e-5,2.7574892797510648e-5,80,DNK,DNK,208
Denmark,8.554902149857281e-5,1.0602812822099206e-4,6.776199682532292e-5,85,DNK,DNK,208
Denmark,1.7988143787050373e-4,2.2354555081169182e-4,1.4444273314486494e-4,90,DNK,DNK,208
Denmark,3.133208878670777e-4,4.0106969441830876e-4,2.434990214518439e-4,95,DNK,DNK,208
Finland,3.183288162239192e-7,4.5071006065044867e-7,2.1344551834557106e-7,0,FIN,FIN,246
Finland,9.383515982207227e-7,1.3191988730582806e-6,6.464216288238493e-7,1,FIN,FIN,246
Finland,1.3442250291091587e-6,1.7101264234890435e-6,1.0223908996656483e-6,5,FIN,FIN,246
Finland,1.4971249661826931e-6,1.899499831887975e-6,1.157787451553066e-6,10,FIN,FIN,246
Finland,2.9156381985948487e-6,3.7341640745357904e-6,2.237827205104734e-6,15,FIN,FIN,246
Finland,3.098431771756442e-6,4.082463546089502e-6,2.3147438710014324e-6,20,FIN,FIN,246
Finland,4.059987595187997e-6,5.286560672376079e-6,3.076899990059549e-6,25,FIN,FIN,246
Finland,5.205767271048262e-6,6.777410497813488e-6,4.005029641707196e-6,30,FIN,FIN,246
Finland,9.785909041205233e-6,1.2336622122197376e-5,7.5751339367614775e-6,35,FIN,FIN,246
Finland,1.5259881560888742e-5,1.898764708002435e-5,1.2149425867259267e-5,40,FIN,FIN,246
Finland,2.0371085852848924e-5,2.4972932990010513e-5,1.635456606471229e-5,45,FIN,FIN,246
Finland,2.9552090600612388e-5,3.604101375454892e-5,2.3732327489585044e-5,50,FIN,FIN,246
Finland,3.366262557890326e-5,4.1021666254116275e-5,2.7022077376776007e-5,55,FIN,FIN,246
Finland,3.865932885619711e-5,4.783365895599102e-5,3.0352759743411256e-5,60,FIN,FIN,246
Finland,4.214963265025793e-5,5.111318087009505e-5,3.4185458426976866e-5,65,FIN,FIN,246
Finland,4.52485799669078e-5,5.578661982171796e-5,3.586475215185591e-5,70,FIN,FIN,246
Finland,5.532498217848396e-5,6.71434608999165e-5,4.535022663017556e-5,75,FIN,FIN,246
Finland,7.314300470962595e-5,8.889278483671241e-5,5.9636099241184995e-5,80,FIN,FIN,246
Finland,9.858009841402309e-5,1.2128145562965481e-4,7.913940623960877e-5,85,FIN,FIN,246
Finland,8.523488164273536e-5,1.0553289973706199e-4,6.687580412780318e-5,90,FIN,FIN,246
Finland,1.1995759500263428e-4,1.514025495664443e-4,9.275933584590601e-5,95,FIN,FIN,246
France,8.079491732405746e-7,1.064319289827591e-6,6.111487269481577e-7,0,FRA,FRA,250
France,3.468728728389319e-7,4.6636719233378264e-7,2.5593004938495335e-7,1,FRA,FRA,250
France,1.7005536937835576e-7,2.1557919593935366e-7,1.338558543502122e-7,5,FRA,FRA,250
France,1.8733132516563577e-7,2.3983773858777523e-7,1.4724017322770546e-7,10,FRA,FRA,250
France,6.980800103094473e-7,8.965533500566956e-7,5.349693452332935e-7,15,FRA,FRA,250
France,1.0749993847681212e-6,1.3841154762200948e-6,8.169836811303963e-7,20,FRA,FRA,250
France,1.176403891648201e-6,1.4864605828324873e-6,9.241799285190866e-7,25,FRA,FRA,250
France,1.7775164697868869e-6,2.2251581331134753e-6,1.4130732274067546e-6,30,FRA,FRA,250
France,2.0808929030604363e-6,2.5752336767237237e-6,1.6917430793268763e-6,35,FRA,FRA,250
France,2.634549803095263e-6,3.2191343505080174e-6,2.1557152907942435e-6,40,FRA,FRA,250
France,4.53814305661442e-6,5.396468456376571e-6,3.794459212636807e-6,45,FRA,FRA,250
France,5.931717458976987e-6,7.034316864785672e-6,5.018153620764485e-6,50,FRA,FRA,250
France,7.1917258866779035e-6,8.47851269969535e-6,6.084949107817912e-6,55,FRA,FRA,250
France,7.602907779415267e-6,9.218632763897127e-6,6.316005558678891e-6,60,FRA,FRA,250
France,9.539704578930958e-6,1.1200610664727845e-5,8.093276260083008e-6,65,FRA,FRA,250
France,1.5202253391513663e-5,1.7721928124523852e-5,1.298997105522567e-5,70,FRA,FRA,250
France,2.5153596961573843e-5,2.8843569458818474e-5,2.1797983462588237e-5,75,FRA,FRA,250
France,5.942039626602444e-5,6.735942073423583e-5,5.226194287282168e-5,80,FRA,FRA,250
France,1.4282392324876112e-4,1.631675446519837e-4,1.244181597450232e-4,85,FRA,FRA,250
France,2.9556179020171267e-4,3.3661368834328356e-4,2.5942525117853205e-4,90,FRA,FRA,250
France,5.803678976443323e-4,6.709882755618089e-4,5.00123567841852e-4,95,FRA,FRA,250
Germany,6.104716974878302e-7,8.184912375670093e-7,4.3916948349937204e-7,0,DEU,DEU,276
Germany,1.9705323767743013e-7,2.674291845277822e-7,1.4215286549870513e-7,1,DEU,DEU,276
Germany,1.0950899811747885e-7,1.3176552300800172e-7,9.628769593292292e-8,5,DEU,DEU,276
Germany,1.1799300443869752e-7,1.4223073786490687e-7,1.0118318147041642e-7,10,DEU,DEU,276
Germany,3.3945877471427874e-7,4.4420595417016227e-7,2.606742357963654e-7,15,DEU,DEU,276
Germany,4.4869299216070314e-7,5.861767987677056e-7,3.41430224723418e-7,20,DEU,DEU,276
Germany,4.971419629629833e-7,6.311885797581371e-7,3.877299891196116e-7,25,DEU,DEU,276
Germany,7.145624333421001e-7,9.355716156009746e-7,5.489192151952325e-7,30,DEU,DEU,276
Germany,1.0155743833962772e-6,1.2673125046193433e-6,8.045625269879965e-7,35,DEU,DEU,276
Germany,1.3198135982766863e-6,1.6420357435164399e-6,1.058461045263066e-6,40,DEU,DEU,276
Germany,2.316993557115691e-6,2.82027612774858e-6,1.914871350729411e-6,45,DEU,DEU,276
Germany,2.8217171310692276e-6,3.385621296896972e-6,2.3399923099984413e-6,50,DEU,DEU,276
Germany,3.1980651495916856e-6,3.89523217711438e-6,2.6022920037685917e-6,55,DEU,DEU,276
Germany,3.673029020140732e-6,4.488508591553409e-6,3.004737740812893e-6,60,DEU,DEU,276
Germany,4.3407239439998385e-6,5.190762621408006e-6,3.626573806416706e-6,65,DEU,DEU,276
Germany,5.761722281531793e-6,6.867678746318644e-6,4.806908992964528e-6,70,DEU,DEU,276
Germany,8.43812184513944e-6,9.882906244085144e-6,7.179474048154013e-6,75,DEU,DEU,276
Germany,1.628722422373118e-5,1.8864388522767728e-5,1.3942552476393527e-5,80,DEU,DEU,276
Germany,3.163098310109803e-5,3.757702721556586e-5,2.6737979511494252e-5,85,DEU,DEU,276
Germany,5.107780231179232e-5,6.078156741884142e-5,4.26761639442492e-5,90,DEU,DEU,276
Germany,7.206509509604434e-5,8.897140406631539e-5,5.84799426639821e-5,95,DEU,DEU,276
Greece,4.5710227497840953e-7,6.335630186137918e-7,3.689265013010871e-7,0,GRC,GRC,300
Greece,1.021043045562956e-7,1.3899008484683148e-7,7.474792354535737e-8,1,GRC,GRC,300
Greece,1.0009440542338629e-7,1.1086284256236149e-7,9.014228465928336e-8,5,GRC,GRC,300
Greece,1.0171488664202909e-7,1.1324563946646567e-7,9.261969257072517e-8,10,GRC,GRC,300
Greece,2.7249647142618113e-7,3.581604421386992e-7,2.0334413796710502e-7,15,GRC,GRC,300
Greece,7.636887804188887e-7,9.631603144638905e-7,6.02577351219205e-7,20,GRC,GRC,300
Greece,7.817337813736282e-7,9.872753820720318e-7,6.234885251601104e-7,25,GRC,GRC,300
Greece,7.899348382143834e-7,1.0306739534185274e-6,6.081360303581383e-7,30,GRC,GRC,300
Greece,7.278941782903378e-7,9.275022942233932e-7,5.748505445339224e-7,35,GRC,GRC,300
Greece,8.291775965146338e-7,1.079516661509528e-6,6.355802883716314e-7,40,GRC,GRC,300
Greece,1.12255864793671e-6,1.4502784068498158e-6,8.567884606939958e-7,45,GRC,GRC,300
Greece,1.2970148258970275e-6,1.6600535945557415e-6,1.0096171801984675e-6,50,GRC,GRC,300
Greece,1.809769172286322e-6,2.3263065285954104e-6,1.3870289209990077e-6,55,GRC,GRC,300
Greece,1.9786390965209273e-6,2.51887077391069e-6,1.5159445993780487e-6,60,GRC,GRC,300
Greece,2.835383218432918e-6,3.492459665758537e-6,2.281052698592734e-6,65,GRC,GRC,300
Greece,5.106147969913293e-6,6.413465092223116e-6,4.055519567284475e-6,70,GRC,GRC,300
Greece,9.077689294055922e-6,1.0949501699098545e-5,7.490605948028616e-6,75,GRC,GRC,300
Greece,1.7945651368133413e-5,2.1899463355038422e-5,1.4685842195026174e-5,80,GRC,GRC,300
Greece,3.253963151658423e-5,4.076453449839844e-5,2.5820849006112033e-5,85,GRC,GRC,300
Greece,5.870039824780644e-5,7.198468216094264e-5,4.694439715030452e-5,90,GRC,GRC,300
Greece,8.154161573701388e-5,9.999566347873446e-5,6.636876242530587e-5,95,GRC,GRC,300
Iceland,3.764587261787565e-7,5.317693170459688e-7,2.587640986414748e-7,0,ISL,ISL,352
Iceland,3.3846125373874896e-7,4.558686691495161e-7,2.417738423925451e-7,1,ISL,ISL,352
Iceland,1.7769154487593891e-7,2.417662547008034e-7,1.2864551442377848e-7,5,ISL,ISL,352
Iceland,2.1591320104916258e-7,2.765251328341739e-7,1.6415823048739887e-7,10,ISL,ISL,352
Iceland,6.808189417042522e-7,9.223051716196544e-7,4.949738610197042e-7,15,ISL,ISL,352
Iceland,9.919269437750063e-7,1.3666628826452216e-6,7.0919290506102e-7,20,ISL,ISL,352
Iceland,9.238262630275843e-7,1.2323516111705594e-6,6.822167646642424e-7,25,ISL,ISL,352
Iceland,1.5478659148668212e-6,2.1084850143249615e-6,1.1318241708746976e-6,30,ISL,ISL,352
Iceland,1.3209756999653287e-6,1.75048690763062e-6,9.794544286606835e-7,35,ISL,ISL,352
Iceland,1.933146191947751e-6,2.5552301894605185e-6,1.4263151720477347e-6,40,ISL,ISL,352
Iceland,2.575192048806054e-6,3.3929480076754515e-6,1.9368377258194453e-6,45,ISL,ISL,352
Iceland,3.2734213467022623e-6,4.314761859902076e-6,2.4173261776815304e-6,50,ISL,ISL,352
Iceland,3.521324064963447e-6,4.680698519133577e-6,2.646534737302735e-6,55,ISL,ISL,352
Iceland,4.1227149470126475e-6,5.557930761058472e-6,3.057034465244687e-6,60,ISL,ISL,352
Iceland,6.0954407455155e-6,7.878013790389239e-6,4.677267167445631e-6,65,ISL,ISL,352
Iceland,1.057921871897814e-5,1.390571966920253e-5,7.893334187125285e-6,70,ISL,ISL,352
Iceland,1.7567207776393767e-5,2.210836795134683e-5,1.367581101879224e-5,75,ISL,ISL,352
Iceland,3.8974965268064694e-5,4.919138295842308e-5,3.0370215451003967e-5,80,ISL,ISL,352
Iceland,9.516612729358777e-5,1.2064852856586056e-4,7.43184995379008e-5,85,ISL,ISL,352
Iceland,1.564712723607779e-4,1.9296257511644592e-4,1.2561053021413834e-4,90,ISL,ISL,352
Iceland,2.850896063156615e-4,3.5451885389885414e-4,2.2774672889806086e-4,95,ISL,ISL,352
Ireland,1.0685649553916348e-7,1.3778304678023002e-7,8.210949320685654e-8,0,IRL,IRL,372
Ireland,9.597273590656813e-8,1.2546019997207668e-7,7.183971834933568e-8,1,IRL,IRL,372
Ireland,9.73321288972812e-8,1.0840109568564606e-7,8.705661569858677e-8,5,IRL,IRL,372
Ireland,9.509386715770468e-8,1.053665990791541e-7,8.535357428495444e-8,10,IRL,IRL,372
Ireland,2.0246059517214223e-7,2.632624644213917e-7,1.542035144806179e-7,15,IRL,IRL,372
Ireland,2.356070161131574e-7,3.044712020535376e-7,1.7856026854953457e-7,20,IRL,IRL,372
Ireland,3.5590867346592553e-7,4.7071520074453675e-7,2.6755397694086504e-7,25,IRL,IRL,372
Ireland,5.289454652763064e-7,7.154634660123398e-7,3.8864442975303356e-7,30,IRL,IRL,372
Ireland,5.101098941782545e-7,6.797959094358228e-7,3.83544745941154e-7,35,IRL,IRL,372
Ireland,1.026722139235777e-6,1.3298939151414026e-6,7.826688024785132e-7,40,IRL,IRL,372
Ireland,1.164913567772938e-6,1.471275585319836e-6,9.104238422348987e-7,45,IRL,IRL,372
Ireland,1.4398062818784805e-6,1.8598830914683613e-6,1.0845130786834533e-6,50,IRL,IRL,372
Ireland,2.0597263372454084e-6,2.6908586898083556e-6,1.5471742238260701e-6,55,IRL,IRL,372
Ireland,2.2765543550550724e-006,3.0050115157345105e-6,1.7187119469914382e-6,60,IRL,IRL,372
Ireland,3.828848963000808e-6,4.8840469179985045e-6,2.945125522143754e-6,65,IRL,IRL,372
Ireland,6.9435051062132306e-006,8.87410129510672e-6,5.275159779835643e-6,70,IRL,IRL,372
Ireland,1.1984611357852542e-5,1.5066362057155323e-5,9.359833818156984e-6,75,IRL,IRL,372
Ireland,2.439870316040722e-5,3.027064914848351e-5,1.9041063659528034e-5,80,IRL,IRL,372
Ireland,5.189992802027293e-5,6.444899025287202e-5,4.0824457958551256e-5,85,IRL,IRL,372
Ireland,7.845926665511101e-5,9.746623944601306e-5,6.220648777757935e-5,90,IRL,IRL,372
Ireland,1.2239646229486578e-4,1.5568040022718408e-4,9.669308749730339e-5,95,IRL,IRL,372
Italy,4.77356548336846e-7,6.748418726422544e-7,3.3472353689757073e-7,0,ITA,ITA,380
Italy,1.771340416963723e-7,2.43957416034905e-7,1.2522726315254663e-7,1,ITA,ITA,380
Italy,1.2313560810502738e-7,1.5565272638351038e-7,1.0044752411859654e-7,5,ITA,ITA,380
Italy,1.6072000758304523e-7,2.019258445811586e-7,1.2754599382665712e-7,10,ITA,ITA,380
Italy,4.88328432479988e-7,6.344005742007341e-7,3.7475003560903465e-7,15,ITA,ITA,380
Italy,6.502774717970405e-7,8.47789993855663e-7,4.992838096118636e-7,20,ITA,ITA,380
Italy,6.291761480696311e-7,8.002862232334041e-7,4.87053627205521e-7,25,ITA,ITA,380
Italy,9.374346378971168e-7,1.1806725235968547e-6,7.425665335059754e-7,30,ITA,ITA,380
Italy,8.459640326830213e-7,1.067290111541726e-6,6.685943778393701e-7,35,ITA,ITA,380
Italy,1.0610992695549805e-6,1.3224708548464654e-6,8.446863441487513e-7,40,ITA,ITA,380
Italy,1.5447980886501667e-6,1.9249813754242395e-6,1.2472744305098582e-6,45,ITA,ITA,380
Italy,1.7804203285160256e-6,2.198993831181571e-6,1.4319127428597084e-6,50,ITA,ITA,380
Italy,1.948830361074222e-6,2.437271685567063e-6,1.5521533836885755e-6,55,ITA,ITA,380
Italy,2.627031825907405e-6,3.313342676099518e-6,2.0894916804162565e-6,60,ITA,ITA,380
Italy,4.135952160776197e-6,4.939288979094835e-6,3.4402530870326617e-6,65,ITA,ITA,380
Italy,8.181828218892214e-6,9.758081295017005e-6,6.839822989422711e-6,70,ITA,ITA,380
Italy,1.4847979790137656e-5,1.7182549264745732e-5,1.2713121285688182e-5,75,ITA,ITA,380
Italy,3.8353023437318537e-5,4.3580802159678606e-5,3.3439089698877696e-5,80,ITA,ITA,380
Italy,9.534468073688506e-5,1.0945131898977724e-4,8.257393636908036e-5,85,ITA,ITA,380
Italy,0.00018601842523192441,2.1287782015914873e-4,1.615714751681575e-4,90,ITA,ITA,380
Italy,3.4664003406279653e-4,4.0582614866895657e-4,2.952030337269978e-4,95,ITA,ITA,380
Luxembourg,2.241020158920481e-7,3.163612736273723e-7,1.504230849474461e-7,0,LUX,LUX,442
Luxembourg,1.2502471354143348e-7,1.6558829001249747e-7,9.236492814555968e-8,1,LUX,LUX,442
Luxembourg,1.0523115909504372e-7,1.3285406640215545e-7,8.354425261743437e-8,5,LUX,LUX,442
Luxembourg,1.2594109595210373e-7,1.562350098055244e-7,1.0150803562626194e-7,10,LUX,LUX,442
Luxembourg,3.221747851446665e-7,4.142693879465854e-7,2.4567358614047463e-7,15,LUX,LUX,442
Luxembourg,5.04777418449989e-7,6.836164176995442e-7,3.688496479930912e-7,20,LUX,LUX,442
Luxembourg,4.420286267857909e-7,5.807531401653642e-7,3.3466482363420314e-7,25,LUX,LUX,442
Luxembourg,5.24332832066644e-7,6.992668638915831e-7,3.8731930452072104e-7,30,LUX,LUX,442
Luxembourg,9.064686428930338e-7,1.1924027087470476e-6,6.830424813731714e-7,35,LUX,LUX,442
Luxembourg,9.310911221086202e-7,1.227463361402237e-6,6.98494630671829e-7,40,LUX,LUX,442
Luxembourg,1.4380554597415398e-6,1.8795781506543288e-6,1.102312880869501e-6,45,LUX,LUX,442
Luxembourg,2.1356748753267342e-6,2.8138153524560157e-6,1.5987274028713349e-6,50,LUX,LUX,442
Luxembourg,2.3641472771927544e-6,3.1507338532901368e-6,1.7705392228743807e-6,55,LUX,LUX,442
Luxembourg,2.9279087524682287e-6,3.866330937219792e-6,2.1726873111961624e-6,60,LUX,LUX,442
Luxembourg,3.807368343781565e-6,4.866421246116664e-6,2.8910449425049067e-6,65,LUX,LUX,442
Luxembourg,6.460110235357256e-6,8.27668141306126e-6,4.930941444013941e-6,70,LUX,LUX,442
Luxembourg,1.0793869008593583e-5,1.3774620968533884e-5,8.424157586304645e-6,75,LUX,LUX,442
Luxembourg,2.4005906034018544e-5,3.032572734400006e-5,1.874503316421329e-5,80,LUX,LUX,442
Luxembourg,5.851283993778356e-5,7.525497990745673e-5,4.4931957862625243e-005,85,LUX,LUX,442
Luxembourg,1.060909816602284e-4,1.3590208281655163e-4,8.295761421619944e-5,90,LUX,LUX,442
Luxembourg,1.9714826221577109e-4,2.526741769437629e-4,1.5139582191994917e-4,95,LUX,LUX,442
Malta,4.561218554657206e-7,6.795695139917852e-7,3.0538164283151115e-7,0,MLT,MLT,470
Malta,1.7475706409909433e-7,2.3493517146925113e-7,1.2582620377335884e-7,1,MLT,MLT,470
Malta,1.5486658099284296e-7,2.0082176853613626e-7,1.1819527474965081e-7,5,MLT,MLT,470
Malta,1.6392477979941985e-7,2.1056880630020192e-7,1.2832884102781181e-7,10,MLT,MLT,470
Malta,3.3926906396663086e-7,4.5947133527879507e-7,2.504356123119541e-7,15,MLT,MLT,470
Malta,6.225753731175807e-7,8.201543476434874e-7,4.5672675048870016e-7,20,MLT,MLT,470
Malta,5.89435171224531e-7,7.899812795237696e-7,4.4044322402804535e-7,25,MLT,MLT,470
Malta,8.985389779496445e-7,1.2065219782156856e-6,6.62326944999179e-7,30,MLT,MLT,470
Malta,8.916516831404916e-7,1.1601320596852537e-6,6.697253754960078e-7,35,MLT,MLT,470
Malta,1.0236725742865757e-6,1.3725032769738745e-6,7.605997159840383e-7,40,MLT,MLT,470
Malta,1.1609776493095451e-6,1.5014004531854841e-6,8.843380553996107e-7,45,MLT,MLT,470
Malta,1.6636361395287387e-6,2.186102947192762e-6,1.2658036903937253e-6,50,MLT,MLT,470
Malta,1.999101511912789e-6,2.5725126102446144e-6,1.5288434753238649e-6,55,MLT,MLT,470
Malta,2.42110588164588e-6,3.173054467774767e-6,1.8103049220438093e-6,60,MLT,MLT,470
Malta,3.4714324195422157e-6,4.412008882200443e-6,2.6989957684658938e-6,65,MLT,MLT,470
Malta,6.263812498570212e-6,8.062988597168737e-6,4.80115917371425e-6,70,MLT,MLT,470
Malta,1.1273593982941136e-5,1.4064093776766744e-5,8.881490420988623e-6,75,MLT,MLT,470
Malta,2.5438217958142917e-5,3.208946998412044e-5,2.0139253879440726e-5,80,MLT,MLT,470
Malta,6.039203400945083e-5,7.701370902050083e-5,4.7303015434451905e-5,85,MLT,MLT,470
Malta,1.0281624294279526e-4,1.3118343208770505e-4,8.098801619440472e-5,90,MLT,MLT,470
Malta,1.641899755721578e-4,2.0873190936537443e-4,1.2761633849149204e-4,95,MLT,MLT,470
Netherlands,2.2435966681049855e-7,3.158760471365546e-7,1.5296234717944677e-7,0,NLD,NLD,528
Netherlands,1.0308053041292624e-7,1.367787128345681e-7,7.68947231025721e-8,1,NLD,NLD,528
Netherlands,9.556586725542111e-8,1.0331200391770681e-7,8.811275933939863e-8,5,NLD,NLD,528
Netherlands,9.867811895247168e-8,1.0484618046424154e-7,9.252635434767345e-8,10,NLD,NLD,528
Netherlands,1.3857276407426237e-7,1.730744353826711e-7,1.1268677271096898e-7,15,NLD,NLD,528
Netherlands,1.8274278791252935e-7,2.3395927809899037e-7,1.4392564372409632e-7,20,NLD,NLD,528
Netherlands,2.011906533292992e-7,2.525977866398647e-7,1.5886862385464595e-7,25,NLD,NLD,528
Netherlands,2.55983321013313e-7,3.325393356698586e-7,1.9438859854403643e-7,30,NLD,NLD,528
Netherlands,3.1794854313915313e-7,4.120902064163533e-7,2.4101039972702916e-7,35,NLD,NLD,528
Netherlands,4.0701798754055023e-007,5.241734115677885e-7,3.095938533935658e-7,40,NLD,NLD,528
Netherlands,6.178804561321944e-7,7.995166836131868e-7,4.742850396047555e-7,45,NLD,NLD,528
Netherlands,8.646290156283741e-7,1.1039645449333948e-6,6.71815939180388e-7,50,NLD,NLD,528
Netherlands,1.0692598229354319e-6,1.396356216851022e-6,8.215147427642344e-7,55,NLD,NLD,528
Netherlands,1.2541011820342672e-6,1.6539019957381677e-6,9.567003652563726e-7,60,NLD,NLD,528
Netherlands,2.0461278320723992e-6,2.585692004801815e-6,1.5932923860704737e-6,65,NLD,NLD,528
Netherlands,4.287995188384149e-6,5.427803691284923e-6,3.299507942265299e-6,70,NLD,NLD,528
Netherlands,9.876102865143124e-6,1.208614304730693e-5,7.889685906137831e-6,75,NLD,NLD,528
Netherlands,2.58320605010034e-5,3.1357325911308715e-5,2.1012890802532383e-5,80,NLD,NLD,528
Netherlands,6.97848695612936e-5,8.438006200855529e-5,5.718164931836971e-5,85,NLD,NLD,528
Netherlands,1.4401206655885885e-4,1.7350904868669104e-4,1.1842970352962158e-4,90,NLD,NLD,528
Netherlands,2.680908180763227e-4,3.372483700396106e-4,2.1282692026411488e-4,95,NLD,NLD,528
Norway,1.2704646500064153e-6,1.4305894583046182e-6,1.0684231675976094e-6,0,NOR,NOR,578
Norway,3.330762923299888e-7,3.7647630879301744e-7,2.905002404785437e-7,1,NOR,NOR,578
Norway,1.947825135953259e-7,2.152136716743338e-7,1.733553822315705e-7,5,NOR,NOR,578
Norway,2.530102975938781e-7,2.7484822222584917e-7,2.2953561723079457e-7,10,NOR,NOR,578
Norway,1.3288680127237044e-6,1.436970617226751e-6,1.2268755345307185e-6,15,NOR,NOR,578
Norway,2.6084045027056584e-6,2.8232707347053354e-6,2.4039922654594357e-6,20,NOR,NOR,578
Norway,3.679558466515291e-6,3.975566643677822e-6,3.4154877788663763e-6,25,NOR,NOR,578
Norway,5.179401643158142e-6,5.6087958260836075e-6,4.785314171020065e-6,30,NOR,NOR,578
Norway,6.69700208307386e-6,7.223105939649086e-6,6.225778149278082e-6,35,NOR,NOR,578
Norway,4.42998583339069e-6,4.753149644313741e-6,4.128951910465866e-6,40,NOR,NOR,578
Norway,6.233352793218311e-6,6.682139405200485e-6,5.8308018208753615e-6,45,NOR,NOR,578
Norway,8.273909718318527e-6,8.872709604318943e-6,7.722550445122888e-6,50,NOR,NOR,578
Norway,8.762859829635407e-6,9.391495121652587e-6,8.172331165847541e-6,55,NOR,NOR,578
Norway,9.479707622188583e-6,1.0227344299946074e-5,8.819573038888007e-6,60,NOR,NOR,578
Norway,1.0884369062801436e-5,1.1657177739716845e-5,1.0145454374082407e-5,65,NOR,NOR,578
Norway,1.7678089155068354e-5,1.8940230287093284e-5,1.6459580335199333e-5,70,NOR,NOR,578
Norway,2.6047429598828296e-5,2.7784314644744125e-5,2.4343400682809557e-5,75,NOR,NOR,578
Norway,5.566474547267701e-5,5.948506193013665e-5,5.208807406912978e-5,80,NOR,NOR,578
Norway,1.1904735507023533e-4,1.273277516336738e-4,1.1079613784725197e-4,85,NOR,NOR,578
Norway,2.2525263116678854e-4,2.4058931562756983e-4,2.1059014512264375e-4,90,NOR,NOR,578
Norway,4.21839462483523e-4,4.5369246456534676e-4,3.9267831004746723e-4,95,NOR,NOR,578
Portugal,6.1554649927729e-7,8.908452438252122e-7,4.3413535359040343e-7,0,PRT,PRT,620
Portugal,3.049995417236741e-7,3.955800639646548e-7,2.3055906840288564e-7,1,PRT,PRT,620
Portugal,3.487137803835408e-7,4.4993202781946626e-7,2.646358461190625e-7,5,PRT,PRT,620
Portugal,4.0250760967659714e-7,5.332615309337652e-7,2.9814194771327704e-7,10,PRT,PRT,620
Portugal,8.102831156575057e-7,1.0823280905750871e-6,5.988668395439766e-7,15,PRT,PRT,620
Portugal,1.1959044839665583e-6,1.5840001108376688e-6,8.838842370707674e-7,20,PRT,PRT,620
Portugal,1.1900860141543374e-6,1.568779666933129e-6,8.859969471518171e-7,25,PRT,PRT,620
Portugal,1.6770398646938212e-6,2.2271553277985457e-6,1.2242177763747017e-6,30,PRT,PRT,620
Portugal,2.053686213218053e-6,2.7202349889345324e-6,1.5247659832769566e-6,35,PRT,PRT,620
Portugal,2.6037138466729234e-6,3.4549331108445954e-6,1.9455163380694707e-6,40,PRT,PRT,620
Portugal,4.259990604180914e-6,5.509708692862861e-6,3.163088058248798e-6,45,PRT,PRT,620
Portugal,4.948517068582747e-6,6.460045297263173e-6,3.752179141703002e-6,50,PRT,PRT,620
Portugal,5.36208352511064e-6,7.024818481875743e-6,4.00142518758171e-6,55,PRT,PRT,620
Portugal,5.902855936779568e-6,7.810803281102534e-6,4.340416929287176e-6,60,PRT,PRT,620
Portugal,7.166713053299945e-6,9.064677139235854e-6,5.506495508985358e-6,65,PRT,PRT,620
Portugal,1.0764941419871049e-5,1.3941648972012755e-5,8.230495995441029e-6,70,PRT,PRT,620
Portugal,1.6549844826276434e-5,2.035036127273662e-5,1.3424195743545415e-5,75,PRT,PRT,620
Portugal,3.510240794297445e-5,4.247044821507645e-5,2.866105681211154e-5,80,PRT,PRT,620
Portugal,7.860749980253511e-5,9.619863086563575e-5,6.438354152515697e-5,85,PRT,PRT,620
Portugal,1.1000353995357217e-4,1.3481124084936411e-4,8.883717239712537e-5,90,PRT,PRT,620
Portugal,1.690970107841165e-4,2.1568259302214625e-4,1.32260940657111e-4,95,PRT,PRT,620
Spain,6.28234874279302e-7,9.022233963655692e-7,4.4021111601195944e-7,0,ESP,ESP,724
Spain,2.5744841310874975e-7,3.5640406953042413e-7,1.8134280886802364e-7,1,ESP,ESP,724
Spain,1.9663870011646755e-7,2.487677268290603e-7,1.5090979142634173e-7,5,ESP,ESP,724
Spain,2.3028793860732976e-7,2.923099139401671e-7,1.7794899280792427e-7,10,ESP,ESP,724
Spain,7.792987463976146e-7,9.844636208425467e-7,6.110382333267098e-7,15,ESP,ESP,724
Spain,9.18480473042123e-7,1.176109211306048e-6,7.156606528818466e-7,20,ESP,ESP,724
Spain,8.956765271753386e-7,1.1233161720461012e-6,7.081216959617e-7,25,ESP,ESP,724
Spain,1.2037848433001347e-6,1.526615071742962e-6,9.486645527870649e-7,30,ESP,ESP,724
Spain,1.6352970998279806e-6,2.012448919690315e-6,1.3139951473544398e-6,35,ESP,ESP,724
Spain,1.8195138088437594e-6,2.2741514086258825e-6,1.4448206715927916e-6,40,ESP,ESP,724
Spain,2.4919627262098436e-6,3.0512851986019467e-6,2.0096312155477144e-6,45,ESP,ESP,724
Spain,3.287606285582744e-6,3.993606841520777e-6,2.6922051956457133e-6,50,ESP,ESP,724
Spain,3.5423918168889104e-6,4.350311640787897e-6,2.843666612460655e-6,55,ESP,ESP,724
Spain,3.3123267001339035e-6,4.129993834742321e-6,2.6273509147272096e-6,60,ESP,ESP,724
Spain,3.852569008899235e-6,4.741436268892123e-6,3.09477494633723e-6,65,ESP,ESP,724
Spain,6.591366360205079e-6,8.004876463924243e-6,5.406882128244385e-6,70,ESP,ESP,724
Spain,8.862247136951221e-6,1.0539073225561438e-5,7.368637123546864e-6,75,ESP,ESP,724
Spain,1.6194097403561614e-5,1.9113727051206374e-5,1.3595351510059203e-5,80,ESP,ESP,724
Spain,3.280647265625877e-5,3.907538988407753e-5,2.729761493308968e-5,85,ESP,ESP,724
Spain,4.624970704867737e-5,5.585047375926155e-5,3.78661062172195e-5,90,ESP,ESP,724
Spain,9.09062489285822e-5,1.136183402508717e-4,7.244087167363441e-5,95,ESP,ESP,724
Sweden,1.7023742397674064e-6,2.263122701151723e-6,1.184878097501991e-6,0,SWE,SWE,752
Sweden,1.6849344033103907e-6,2.2510012484772527e-6,1.1968579193410456e-6,1,SWE,SWE,752
Sweden,1.8766735556709357e-6,2.3254533033544834e-6,1.441317086011373e-6,5,SWE,SWE,752
Sweden,1.9118668024351114e-6,2.3627156990116502e-6,1.5141928998737304e-6,10,SWE,SWE,752
Sweden,2.4419327240875895e-6,2.9695672271080417e-6,1.9912078106641838e-6,15,SWE,SWE,752
Sweden,2.230064609433278e-6,2.7236242287047626e-6,1.8162339447101143e-6,20,SWE,SWE,752
Sweden,2.2434050133814323e-6,2.7032449035032788e-6,1.8622474697783636e-6,25,SWE,SWE,752
Sweden,2.6284726893131043e-6,3.1831387440964745e-6,2.1583162338284982e-6,30,SWE,SWE,752
Sweden,3.3895877601914406e-006,4.060230776177761e-6,2.830508400031413e-6,35,SWE,SWE,752
Sweden,4.892890743186282e-6,5.957618367100132e-6,3.999497733276679e-6,40,SWE,SWE,752
Sweden,5.749741925903072e-6,6.907036660967385e-6,4.785868582853032e-6,45,SWE,SWE,752
Sweden,6.109326257962055e-6,7.373866372546181e-6,5.045130685075095e-6,50,SWE,SWE,752
Sweden,8.634408886754009e-6,1.0424904760120774e-5,7.13204693285872e-6,55,SWE,SWE,752
Sweden,1.10924648689478e-5,1.3581498925857264e-5,8.981682300189793e-6,60,SWE,SWE,752
Sweden,1.2969827930086518e-5,1.5818419997351174e-5,1.0591888879412537e-5,65,SWE,SWE,752
Sweden,1.6708799158384687e-5,2.0584319213557884e-5,1.3554701116388687e-5,70,SWE,SWE,752
Sweden,2.606147776450272e-5,3.101308160305635e-5,2.1821998472737795e-5,75,SWE,SWE,752
Sweden,6.467212543849337e-5,7.604098592540361e-5,5.439773276367238e-5,80,SWE,SWE,752
Sweden,1.272763828003374e-4,1.4921547202250538e-4,1.0891442379002114e-4,85,SWE,SWE,752
Sweden,2.156074671157255e-4,2.5374264887701744e-4,1.841320683256503e-4,90,SWE,SWE,752
Sweden,3.706883385294704e-4,4.463156064057839e-4,3.025415756927366e-4,95,SWE,SWE,752
Switzerland,4.904251695944702e-7,7.17554403331702e-7,3.302045005063316e-7,0,CHE,CHE,756
Switzerland,2.0940361838040907e-7,2.998773233505489e-7,1.4342581986555852e-7,1,CHE,CHE,756
Switzerland,3.2255127008074907e-7,4.1297651569154564e-7,2.424652160943073e-7,5,CHE,CHE,756
Switzerland,3.5370901951274313e-7,4.498990617988978e-7,2.713126528395584e-7,10,CHE,CHE,756
Switzerland,7.645409689250633e-7,9.531327511435109e-7,6.141419513659141e-7,15,CHE,CHE,756
Switzerland,9.042732010952454e-7,1.1481093782869057e-6,7.017416959181903e-7,20,CHE,CHE,756
Switzerland,8.17392256668448e-7,1.0154824720619598e-6,6.509385826173733e-7,25,CHE,CHE,756
Switzerland,9.094917447022169e-7,1.1435901902223594e-6,7.15806393626898e-7,30,CHE,CHE,756
Switzerland,1.1069284124897992e-6,1.3806335689096532e-6,8.705988284877929e-7,35,CHE,CHE,756
Switzerland,1.4459758347133504e-6,1.8263896943035168e-6,1.1154915537794227e-6,40,CHE,CHE,756
Switzerland,2.244798341430761e-6,2.80294953681219e-6,1.7696674078849766e-6,45,CHE,CHE,756
Switzerland,2.132114325318967e-6,2.634597518000803e-6,1.686953650116921e-6,50,CHE,CHE,756
Switzerland,2.959059261033129e-6,3.7474619133723365e-6,2.3238248967005515e-6,55,CHE,CHE,756
Switzerland,3.2522065039745956e-6,4.221152518786727e-6,2.468459903875165e-6,60,CHE,CHE,756
Switzerland,4.096235135444647e-6,5.099381709492474e-6,3.204601684927298e-6,65,CHE,CHE,756
Switzerland,5.033443244296594e-6,6.439828199113727e-6,3.871966212694513e-6,70,CHE,CHE,756
Switzerland,4.9037689732527796e-006,6.184667646596565e-6,3.842969293341429e-6,75,CHE,CHE,756
Switzerland,9.70445155577077e-6,1.2279727033576438e-5,7.592690183973598e-6,80,CHE,CHE,756
Switzerland,1.1585768282108225e-5,1.443783227801183e-5,8.873007419972586e-6,85,CHE,CHE,756
Switzerland,1.5894022108030305e-5,1.9619548200120996e-5,1.2309446799118315e-5,90,CHE,CHE,756
Switzerland,2.491945127043274e-5,3.1318554621252686e-5,1.89105920170411e-5,95,CHE,CHE,756
United Kingdom of Great Britain and Northern Ireland,5.719812076190087e-7,6.165947092384218e-7,4.954354078510234e-7,0,GBR,GBR,826
United Kingdom of Great Britain and Northern Ireland,1.7500258358225068e-7,1.873582395539411e-7,1.6210487210297673e-7,1,GBR,GBR,826
United Kingdom of Great Britain and Northern Ireland,1.242586909180361e-7,1.30669181511306e-7,1.1850729634685322e-7,5,GBR,GBR,826
United Kingdom of Great Britain and Northern Ireland,1.20573007881191e-7,1.2580262648916245e-7,1.1552084124484048e-7,10,GBR,GBR,826
United Kingdom of Great Britain and Northern Ireland,5.038255618969768e-7,5.318245338741939e-7,4.765560236818747e-7,15,GBR,GBR,826
United Kingdom of Great Britain and Northern Ireland,7.726626819743518e-7,8.160918241011982e-7,7.313140952240001e-7,20,GBR,GBR,826
United Kingdom of Great Britain and Northern Ireland,7.64339209328075e-7,8.04647393896034e-7,7.268117961474303e-7,25,GBR,GBR,826
United Kingdom of Great Britain and Northern Ireland,1.0505756730667762e-6,1.103222244444841e-6,9.969884957014388e-7,30,GBR,GBR,826
United Kingdom of Great Britain and Northern Ireland,1.3011726633259893e-6,1.3636619965827116e-6,1.2335888852312141e-6,35,GBR,GBR,826
United Kingdom of Great Britain and Northern Ireland,1.6517251132282573e-6,1.726767935835824e-6,1.5790791561353178e-6,40,GBR,GBR,826
United Kingdom of Great Britain and Northern Ireland,2.207593850776124e-6,2.3030658489475946e-6,2.115356117166533e-6,45,GBR,GBR,826
United Kingdom of Great Britain and Northern Ireland,2.2957471705107847e-6,2.3976801440273265e-6,2.1957768780907172e-6,50,GBR,GBR,826
United Kingdom of Great Britain and Northern Ireland,2.578772862773734e-6,2.6944583588355198e-6,2.4670972042309428e-6,55,GBR,GBR,826
United Kingdom of Great Britain and Northern Ireland,3.1231782667131964e-6,3.278628601958019e-6,2.9777850699032023e-6,60,GBR,GBR,826
United Kingdom of Great Britain and Northern Ireland,4.4335161327679595e-6,4.63762558402986e-6,4.242761694546495e-6,65,GBR,GBR,826
United Kingdom of Great Britain and Northern Ireland,7.310897498541364e-6,7.666559537555868e-6,6.984110203621187e-6,70,GBR,GBR,826
United Kingdom of Great Britain and Northern Ireland,1.3323648779110348e-5,1.3871234612379107e-5,1.2802499365324799e-5,75,GBR,GBR,826
United Kingdom of Great Britain and Northern Ireland,2.927830676216586e-5,3.031932313739534e-5,2.8207110568002243e-5,80,GBR,GBR,826
United Kingdom of Great Britain and Northern Ireland,7.614007594025837e-5,7.893701281889848e-5,7.330718239996175e-5,85,GBR,GBR,826
United Kingdom of Great Britain and Northern Ireland,1.2164080286577608e-4,1.26693003647982e-4,1.1647881019515746e-4,90,GBR,GBR,826
United Kingdom of Great Britain and Northern Ireland,2.2159103293607153e-4,2.3077936066146176e-4,2.129056728834686e-4,95,GBR,GBR,826
