CNTRY,Year,Age,Pop,deaths,mx,qx,ax,lx,dx,Lx,Tx,ex
AUS,2016,0,313695.79,950.03,0.00302,0.00301,0.14,100000,301,99742,8288562,82.89
AUS,2016,1,1249487.24,199,1.6e-4,6.3e-4,1.61,99699,63,398644,8188820,82.14
AUS,2016,5,1551898.98,110,7e-5,3.5e-4,2.34,99636,35,498085,7790176,78.19
AUS,2016,10,1421275.3,123,9e-5,4.3e-4,2.95,99601,43,497916,7292091,73.21
AUS,2016,15,1472526.77,401,2.7e-4,0.00135,2.87,99558,134,497504,6794176,68.24
AUS,2016,20,1685249.64,723,4.3e-4,0.00213,2.55,99424,212,496600,6296672,63.33
AUS,2016,25,1800277.19,861,4.7e-4,0.00237,2.54,99212,235,495481,5800072,58.46
AUS,2016,30,1773359.75,1142,6.4e-4,0.00318,2.59,98977,315,494126,5304591,53.59
AUS,2016,35,1590351.79,1366,8.5e-4,0.00424,2.58,98662,418,492298,4810465,48.76
AUS,2016,40,1640876.16,2041.03,0.00125,0.00623,2.66,98244,612,489787,4318167,43.95
AUS,2016,45,1583557.1099999999,2892.11,0.00181,0.00899,2.65,97632,878,486097,3828379,39.21
AUS,2016,50,1554154.46,4179.18,0.00269,0.01339,2.7,96754,1295,480787,3342282,34.54
AUS,2016,55,1460897.95,5901.21,0.00401,0.01987,2.65,95459,1896,472840,2861496,29.98
AUS,2016,60,1293621.39,7817.3,0.006,0.02958,2.63,93563,2768,461267,2388656,25.53
AUS,2016,65,1174876.79,10989.4,0.0093,0.0455,2.69,90795,4131,444448,1927389,21.23
AUS,2016,70,870417.41,13810.51,0.01559,0.07525,2.7,86664,6521,418321,1482941,17.11
AUS,2016,75,640950.95,17593.67,0.02718,0.12782,2.68,80143,10244,376912,1064619,13.28
AUS,2016,80,451648.64,23060.87,0.05076,0.22677,2.65,69898,15851,312274,687708,9.84
AUS,2016,85,303809.16000000003,29171.1,0.09591,0.38876,2.56,54047,21011,219071,375434,6.95
AUS,2016,90,137510.44,24009.94,0.17226,0.5939,2.39,33036,19620,113899,156362,4.73
AUS,2016,95,34308.92,11087.44,0.29164,0.79,2.1,13416,10599,36341,42464,3.17
AUT,2017,0,86851,256,0.00294,0.00293,0.14,100000,293,99749,8163492,81.63
AUT,2017,1,338800,58,1.7e-4,6.8e-4,1.9,99707,68,398686,8063744,80.87
AUT,2017,5,414639,26,6e-5,3.1e-4,2.28,99639,31,498112,7665058,76.93
AUT,2017,10,423450,40,9e-5,4.7e-4,2.79,99608,47,497937,7166946,71.95
AUT,2017,15,453985,125,2.7e-4,0.00137,2.93,99561,137,497523,6669009,66.98
AUT,2017,20,553007,174,3.2e-4,0.00158,2.54,99425,157,496736,6171486,62.07
AUT,2017,25,598504,245,4.1e-4,0.00203,2.53,99268,202,495840,5674749,57.17
AUT,2017,30,598686,275,4.6e-4,0.00229,2.76,99066,227,494819,5178910,52.28
AUT,2017,35,572365,389,6.7e-4,0.00336,2.6,98838,332,493397,4684091,47.39
AUT,2017,40,582792,589,0.00102,0.00507,2.68,98507,500,491374,4190694,42.54
AUT,2017,45,684053,1117,0.00164,0.00817,2.74,98007,800,488224,3699320,37.75
AUT,2017,50,712250,2049,0.00287,0.01425,2.75,97206,1385,482918,3211096,33.03
AUT,2017,55,622986,3052,0.00485,0.02397,2.67,95821,2296,473765,2728178,28.47
AUT,2017,60,504980,4009,0.00786,0.03857,2.66,93525,3607,459183,2254413,24.1
AUT,2017,65,452914,5601,0.0124,0.06027,2.66,89918,5419,436902,1795229,19.97
AUT,2017,70,370922,7469,0.01984,0.09472,2.6,84498,8003,403299,1358328,16.08
AUT,2017,75,368181,11070,0.02992,0.13983,2.66,76495,10696,357462,955029,12.48
AUT,2017,80,210561,11944,0.05675,0.25048,2.66,65799,16481,290422,597566,9.08
AUT,2017,85,143254.02,16211,0.11289,0.44099,2.52,49318,21749,192655,307145,6.23
AUT,2017,90,65261.06,13341,0.20497,0.65971,2.3,27569,18187,88731,114490,4.15
AUT,2017,95,14362.97,5230,0.34459,0.84553,1.99,9381,7932,23020,25758,2.75
BEL,2015,0,124903,400,0.00325,0.00324,0.14,100000,324,99722,8089809,80.9
BEL,2015,1,520762,86,1.7e-4,6.7e-4,1.46,99676,67,398535,7990087,80.16
BEL,2015,5,653169,58,9e-5,4.4e-4,2.17,99609,44,497923,7591552,76.21
BEL,2015,10,616452,58,9e-5,4.7e-4,2.71,99566,47,497721,7093629,71.25
BEL,2015,15,630120,143,2.3e-4,0.00112,2.8,99519,112,497348,6595907,66.28
BEL,2015,20,698786,300,4.3e-4,0.00214,2.69,99407,213,496545,6098559,61.35
BEL,2015,25,719235,312,4.3e-4,0.00214,2.61,99195,213,495465,5602014,56.48
BEL,2015,30,736721,442,6e-4,0.003,2.54,98982,297,494179,5106549,51.59
BEL,2015,35,729580,608,8.3e-4,0.00413,2.63,98685,408,492458,4612370,46.74
BEL,2015,40,766628,966,0.00126,0.0063,2.75,98277,619,489997,4119913,41.92
BEL,2015,45,797598,1658,0.00208,0.01037,2.68,97659,1013,485938,3629916,37.17
BEL,2015,50,816666,2696,0.0033,0.01637,2.7,96646,1582,479586,3143979,32.53
BEL,2015,55,753248,4341,0.00575,0.02836,2.71,95064,2696,469137,2664393,28.03
BEL,2015,60,663444,5997,0.009,0.04407,2.64,92368,4070,452253,2195255,23.77
BEL,2015,65,594542,7798,0.01293,0.06274,2.63,88297,5540,428383,1743002,19.74
BEL,2015,70,427902,8513,0.01996,0.09535,2.67,82758,7891,395403,1314620,15.89
BEL,2015,75,397290,12963,0.0328,0.15237,2.67,74867,11407,347802,919217,12.28
BEL,2015,80,322965,19180,0.05946,0.26056,2.63,63459,16535,278086,571415,9
BEL,2015,85,192824.89,21932,0.11265,0.44129,2.55,46924,20707,183827,293329,6.25
BEL,2015,90,81146,16754,0.20531,0.6616,2.31,26217,17345,84481,109502,4.18
BEL,2015,95,14413.09,5336,0.33444,0.83538,2,8872,7411,22160,25021,2.82
BGR,2010,0,77689.57,708,0.00967,0.00959,0.13,100000,959,99165,7372398,73.72
BGR,2010,1,277322.63,133,4.7e-4,0.00189,1.59,99041,188,395713,7273233,73.44
BGR,2010,5,319303.17,77,2.4e-4,0.00121,2.25,98853,120,493938,6877519,69.57
BGR,2010,10,315703.16000000003,93,3e-4,0.00148,2.66,98734,146,493327,6383581,64.65
BGR,2010,15,409589.70999999996,200,4.9e-4,0.00247,2.9,98588,243,492427,5890254,59.75
BGR,2010,20,496845.91,338,6.8e-4,0.00341,2.57,98344,336,490905,5397827,54.89
BGR,2010,25,500160.58,421,8.5e-4,0.00424,2.52,98009,416,489011,4906923,50.07
BGR,2010,30,551857.79,582,0.00107,0.00533,2.6,97593,520,486718,4417911,45.27
BGR,2010,35,542776.76,867,0.0016,0.00796,2.62,97073,773,483524,3931194,40.5
BGR,2010,40,503243.7,1460,0.00291,0.01445,2.79,96300,1392,478428,3447670,35.8
BGR,2010,45,508846.31,2403,0.00476,0.02355,2.69,94908,2235,469377,2969242,31.29
BGR,2010,50,526383.01,3850,0.00735,0.03615,2.67,92673,3350,455548,2499865,26.98
BGR,2010,55,537432.0700000001,5994,0.01127,0.05489,2.64,89323,4903,435068,2044318,22.89
BGR,2010,60,523067.92,8639,0.01623,0.07812,2.6,84420,6595,406267,1609249,19.06
BGR,2010,65,403047.73,9706,0.02393,0.11326,2.63,77825,8814,368269,1202983,15.46
BGR,2010,70,347661.56,12759,0.03681,0.16934,2.64,69011,11686,317482,834714,12.1
BGR,2010,75,305032.66000000003,19048,0.06287,0.27329,2.61,57325,15666,249184,517232,9.02
BGR,2010,80,186160.71000000002,20840,0.1113,0.4364,2.53,41659,18180,163333,268048,6.43
BGR,2010,85,81930.55,15650,0.18815,0.62782,2.35,23479,14741,78347,104714,4.46
BGR,2010,90,13975.86,4671,0.30986,0.80186,1.99,8738,7007,22613,26368,3.02
BGR,2010,95,3993.68,1726.01,0.45067,0.91332,1.74,1731,1581,3509,3754,2.17
BLR,2016,0,119256,373.05,0.00311,0.0031,0.14,100000,310,99734,7415286,74.15
BLR,2016,1,466268,112.03,2.4e-4,9.5e-4,1.7,99690,94,398543,7315552,73.38
BLR,2016,5,521443,80.02,1.5e-4,7.6e-4,2.4,99595,75,497781,6917009,69.45
BLR,2016,10,442365,61.01,1.4e-4,6.9e-4,2.91,99520,69,497458,6419228,64.5
BLR,2016,15,457158,177.02,3.9e-4,0.00193,2.77,99452,192,496829,5921770,59.54
BLR,2016,20,593534,374.04,6.5e-4,0.00323,2.59,99259,321,495524,5424941,54.65
BLR,2016,25,762867,707.09,9.4e-4,0.00467,2.73,98939,462,493647,4929417,49.82
BLR,2016,30,758111,1178.17,0.00154,0.00769,2.74,98477,758,490673,4435770,45.04
BLR,2016,35,681551,1691.24,0.00247,0.0123,2.66,97719,1202,485789,3945097,40.37
BLR,2016,40,654888,2312.33,0.00353,0.01752,2.64,96517,1691,478596,3459308,35.84
BLR,2016,45,637027,3382.47,0.00532,0.02625,2.66,94826,2489,468292,2980713,31.43
BLR,2016,50,715806,5528.76,0.00782,0.03838,2.6,92336,3544,453178,2512421,27.21
BLR,2016,55,732600,8543.17,0.01161,0.05648,2.62,88792,5015,432018,2059243,23.19
BLR,2016,60,583779,10385.42,0.0176,0.08444,2.59,83777,7074,401867,1627225,19.42
BLR,2016,65,454419,11778.57,0.02541,0.11986,2.64,76704,9194,361802,1225358,15.98
BLR,2016,70,258781,9417.22,0.03666,0.16845,2.6,67510,11372,310205,863556,12.79
BLR,2016,75,320328,17910.18,0.05628,0.24772,2.58,56138,13907,247084,553352,9.86
BLR,2016,80,191112.13,18312.17,0.09463,0.38264,2.5,42231,16159,170770,306267,7.25
BLR,2016,85,111541.71,17536.02,0.15701,0.55604,2.38,26072,14497,92329,135498,5.2
BLR,2016,90,31756.55,7874.87,0.24059,0.71771,2.19,11575,8308,34530,43168,3.73
BLR,2016,95,4308.43,1644.18,0.36236,0.85603,1.92,3267,2797,7719,8639,2.64
CAN,2016,0,384864.62,1741,0.0045,0.00448,0.14,100000,448,99615,8215627,82.16
CAN,2016,1,1548472.23,287,1.8e-4,7.4e-4,1.65,99552,74,398034,8116012,81.53
CAN,2016,5,1968637.85,163,8e-5,4.1e-4,2.34,99478,41,497282,7717978,77.58
CAN,2016,10,1875579.55,242,1.3e-4,6.4e-4,2.88,99437,64,497051,7220696,72.62
CAN,2016,15,2081681.53,687,3.3e-4,0.00162,2.97,99373,161,496539,6723646,67.66
CAN,2016,20,2463811.54,1295,5.2e-4,0.00262,2.52,99212,260,495416,6227106,62.77
CAN,2016,25,2490159.4699999997,1595,6.3e-4,0.00316,2.53,98952,313,493987,5731690,57.92
CAN,2016,30,2514476.37,1871,7.4e-4,0.00369,2.52,98639,364,492293,5237703,53.1
CAN,2016,35,2428540.81,2157,8.8e-4,0.00439,2.55,98275,432,490318,4745410,48.29
CAN,2016,40,2347624.79,2894,0.00123,0.00615,2.66,97843,601,487808,4255091,43.49
CAN,2016,45,2423854.67,4551,0.00188,0.00937,2.68,97242,911,484099,3767284,38.74
CAN,2016,50,2737345.85,8148,0.003,0.014880000000000001,2.67,96331,1433,478316,3283185,34.08
CAN,2016,55,2628387.07,12499,0.00473,0.02338,2.66,94898,2218,469300,2804869,29.56
CAN,2016,60,2267447.83,16967,0.00742,0.03647,2.66,92680,3380,455499,2335569,25.2
CAN,2016,65,1943802.55,22373,0.01137,0.05536,2.65,89300,4943,434858,1880070,21.05
CAN,2016,70,1405364.75,25435,0.01777,0.085319999999999993,2.66,84356,7197,404942,1445212,17.13
CAN,2016,75,1018277.15,29874,0.02904,0.13594,2.65,77159,10489,361198,1040270,13.48
CAN,2016,80,749588.71,37577,0.04995,0.22334,2.63,66670,14890,298123,679072,10.19
CAN,2016,85,484058.76,43201,0.08863,0.36422,2.55,51780,18859,212776,380949,7.36
CAN,2016,90,220400.7,35179,0.15722,0.55735,2.39,32921,18348,116705,168173,5.11
CAN,2016,95,64016.86,18477,0.25641,0.7423,2.16,14572,10817,42186,51469,3.53
CHE,2016,0,84904,306,0.00357,0.00356,0.14,100000,356,99695,8345974,83.46
CHE,2016,1,338127,31,9e-5,3.6e-4,1.93,99644,36,398501,8246279,82.76
CHE,2016,5,413257,21,5e-5,2.5e-4,2.71,99608,25,497982,7847778,78.79
CHE,2016,10,400504,36,9e-5,4.5e-4,3.03,99583,45,497826,7349796,73.81
CHE,2016,15,438711,75,1.7e-4,8.5e-4,2.89,99538,84,497512,6851970,68.84
CHE,2016,20,496048,150,3e-4,0.0015,2.79,99454,149,496939,6354458,63.89
CHE,2016,25,560587,194,3.4e-4,0.00172,2.48,99305,171,496095,5857519,58.99
CHE,2016,30,589284,222,3.7e-4,0.00187,2.64,99134,185,495233,5361424,54.08
CHE,2016,35,579210,294,5e-4,0.00252,2.57,98949,249,494140,4866191,49.18
CHE,2016,40,590167,480,8.2e-4,0.00407,2.64,98700,402,492551,4372050,44.3
CHE,2016,45,654245,839,0.00129,0.00641,2.69,98298,631,490032,3879499,39.47
CHE,2016,50,657774,1480,0.00224,0.01113,2.72,97668,1087,485856,3389466,34.7
CHE,2016,55,560277,2057,0.00364,0.01806,2.67,96580,1745,478829,2903611,30.06
CHE,2016,60,468979,2824,0.00598,0.0295,2.7,94836,2797,467746,2424781,25.57
CHE,2016,65,433593,4120,0.00954,0.04665,2.61,92038,4293,449951,1957035,21.26
CHE,2016,70,371249,5662,0.01501,0.07249,2.66,87745,6361,423840,1507085,17.18
CHE,2016,75,273343,6933,0.0252,0.11898,2.67,81385,9683,384314,1083244,13.31
CHE,2016,80,211503,10506,0.04948,0.22183,2.67,71701,15905,321455,698930,9.75
CHE,2016,85,133371.65,13101,0.09772,0.39531,2.59,55796,22057,225720,377475,6.77
CHE,2016,90,57896.83,10780,0.18417,0.61972,2.36,33740,20909,113534,151755,4.5
CHE,2016,95,13951.56,4736,0.31305,0.81503,2.06,12831,10457,33405,38221,2.98
CHL,2008,0,248418.57,1948,0.00781,0.00776,0.13,100000,776,99328,7827121,78.27
CHL,2008,1,994483.87,304,3.1e-4,0.00122,1.46,99224,121,396588,7727793,77.88
CHL,2008,5,1282737.01,219,1.7e-4,8.6e-4,2.42,99103,85,495294,7331205,73.98
CHL,2008,10,1408584.8599999999,281,2e-4,0.001,2.84,99018,99,494874,6835911,69.04
CHL,2008,15,1475758.17,779,5.3e-4,0.00263,2.83,98918,260,494027,6341037,64.1
CHL,2008,20,1392350.74,1061,7.5e-4,0.00377,2.53,98658,372,492372,5847010,59.27
CHL,2008,25,1246046.99,1066,8.5e-4,0.00422,2.56,98287,415,490421,5354638,54.48
CHL,2008,30,1204656.19,1299,0.00108,0.00541,2.63,97871,529,488104,4864217,49.7
CHL,2008,35,1237594.18,1610,0.0013,0.00648,2.57,97342,631,485179,4376114,44.96
CHL,2008,40,1246781.13,2234,0.0018,0.00894,2.63,96711,865,481506,3890935,40.23
CHL,2008,45,1169902.51,3109,0.00263,0.01306,2.6,95846,1251,476222,3409429,35.57
CHL,2008,50,965408.59,4011,0.00409,0.02027,2.66,94595,1917,468491,2933207,31.01
CHL,2008,55,768135.31,4899,0.00633,0.03118,2.72,92678,2889,456801,2464716,26.59
CHL,2008,60,624417.31,6581,0.01045,0.05099,2.67,89788,4578,438254,2007915,22.36
CHL,2008,65,486168.94,8060,0.01632,0.07854,2.62,85210,6693,410155,1569660,18.42
CHL,2008,70,368834.72,9309,0.02514,0.11868,2.65,78517,9318,370707,1159506,14.77
CHL,2008,75,275780.9,11945,0.0428,0.19426,2.63,69199,13442,314079,788799,11.4
CHL,2008,80,159812.58000000002,12308,0.07561,0.31888,2.55,55757,17780,235159,474719,8.51
CHL,2008,85,82343.56,9894,0.11878,0.4564,2.46,37977,17332,145926,239560,6.31
CHL,2008,90,33891.47,6446,0.18895,0.62581,2.3,20644,12919,68375,93635,4.54
CHL,2008,95,8969.93,2805,0.284,0.77628,2.08,7725,5997,21115,25259,3.27
CZE,2016,0,110777,317,0.00284,0.00284,0.14,100000,284,99757,7899228,78.99
CZE,2016,1,439417,72,1.6e-4,6.5e-4,1.56,99716,65,398708,7799471,78.22
CZE,2016,5,591957,43,7e-5,3.6e-4,2.33,99652,36,498162,7400763,74.27
CZE,2016,10,481565,51,1.1e-4,5.3e-4,3.02,99616,53,497974,6902601,69.29
CZE,2016,15,458003,129,2.8e-4,0.0014,3.11,99563,140,497550,6404627,64.33
CZE,2016,20,590522,268,4.7e-4,0.00233,2.61,99423,231,496562,5907077,59.41
CZE,2016,25,690104,345,5e-4,0.0025,2.52,99192,248,495345,5410515,54.55
CZE,2016,30,736368,455,6.2e-4,0.0031,2.5,98944,306,493955,4915170,49.68
CZE,2016,35,885086,772,8.9e-4,0.00444,2.51,98638,438,492097,4421216,44.82
CZE,2016,40,880941,1215,0.00137,0.00681,2.71,98199,669,489464,3929119,40.01
CZE,2016,45,696832,1707,0.00243,0.01209,2.71,97530,1179,484945,3439655,35.27
CZE,2016,50,685062,2639,0.00384,0.01902,2.67,96351,1832,477493,2954710,30.67
CZE,2016,55,653439,4322,0.00666,0.03278,2.71,94519,3098,465506,2477216,26.21
CZE,2016,60,721358,7749,0.01078,0.0526,2.68,91421,4809,445929,2011710,22.01
CZE,2016,65,692992,11918,0.01715,0.0824,2.63,86612,7137,416151,1565781,18.08
CZE,2016,70,495189,13616,0.02669,0.1255,2.62,79475,9974,373640,1149629,14.47
CZE,2016,75,323695,13695,0.04187,0.19037,2.62,69501,13231,316015,775989,11.17
CZE,2016,80,232005,16806,0.07261,0.30909,2.59,56270,17393,239521,459975,8.17
CZE,2016,85,134803.93,18245,0.13403,0.49997,2.46,38878,19437,145024,220454,5.67
CZE,2016,90,47305.17,10900,0.22645,0.69435,2.22,19440,13498,59608,75431,3.88
CZE,2016,95,6432.86,2486,0.35817,0.85489,1.94,5942,5080,14182,15822,2.66
DEUTE,2017,0,149475,410.04,0.00275,0.00274,0.14,100000,274,99765,8047531,80.48
DEUTE,2017,1,578986,76,1.3e-4,5.2e-4,1.63,99726,52,398781,7947766,79.7
DEUTE,2017,5,698602,47,7e-5,3.3e-4,2.25,99674,33,498279,7548985,75.74
DEUTE,2017,10,645774,51,8e-5,3.9e-4,2.64,99641,39,498112,7050707,70.76
DEUTE,2017,15,650276,149,2.3e-4,0.00114,3.02,99602,113,497784,6552595,65.79
DEUTE,2017,20,645416,192,3e-4,0.00148,2.41,99488,147,497060,6054811,60.86
DEUTE,2017,25,1036671,375,3.7e-4,0.00183,2.77,99341,182,496300,5557751,55.95
DEUTE,2017,30,1091063,656.04,6e-4,0.00298,2.63,99159,295,495097,5061450,51.04
DEUTE,2017,35,1033634,841.09,8.1e-4,0.00402,2.67,98864,398,493396,4566353,46.19
DEUTE,2017,40,878754,1090.1,0.00125,0.00622,2.67,98467,613,490905,4072957,41.36
DEUTE,2017,45,1134205,2506.28,0.00223,0.0111,2.76,97854,1086,486830,3582052,36.61
DEUTE,2017,50,1358960,5394.56,0.00399,0.01977,2.74,96768,1913,479509,3095222,31.99
DEUTE,2017,55,1274278,8348.89,0.0065,0.032,2.66,94854,3035,467158,2615713,27.58
DEUTE,2017,60,1174285,11605.21,0.00991,0.04839,2.63,91819,4443,448557,2148555,23.4
DEUTE,2017,65,967365,14100.45,0.01431,0.06922,2.62,87376,6048,422491,1699998,19.46
DEUTE,2017,70,799335,16227.69,0.02033,0.09697,2.62,81328,7887,387883,1277507,15.71
DEUTE,2017,75,981199,32117.34,0.03308,0.15343,2.64,73441,11268,340669,889624,12.11
DEUTE,2017,80,594179,37360.84,0.06209,0.27057,2.63,62173,16822,270944,548955,8.83
DEUTE,2017,85,315702.99,36924.78,0.11686,0.45214,2.5,45351,20505,175467,278011,6.13
DEUTE,2017,90,120132.12,25077.53,0.20769,0.66458,2.29,24846,16512,79504,102544,4.13
DEUTE,2017,95,28118.66,10147.98,0.34227,0.84259,1.99,8334,7022,20516,23040,2.76
DEUTNP,2017,0,788299,2566.3,0.00324,0.00323,0.14,100000,323,99723,8094489,80.94
DEUTNP,2017,1,2968147,439.02,1.4e-4,5.8e-4,1.56,99677,58,398567,7994766,80.21
DEUTNP,2017,5,3613927,266,7e-5,3.7e-4,2.27,99619,37,497996,7596199,76.25
DEUTNP,2017,10,3678195,302,8e-5,4.1e-4,2.82,99583,41,497825,7098203,71.28
DEUTNP,2017,15,4172869,904.07,2.2e-4,0.00108,2.88,99542,108,497482,6600378,66.31
DEUTNP,2017,20,4574031,1415.11,3.1e-4,0.00154,2.52,99434,153,496791,6102896,61.38
DEUTNP,2017,25,5366756,1831.14,3.4e-4,0.00171,2.64,99281,170,496005,5606105,56.47
DEUTNP,2017,30,5221075,2713.33,5.2e-4,0.00258,2.65,99112,256,494956,5110100,51.56
DEUTNP,2017,35,5058038,3751.45,7.4e-4,0.00368,2.67,98856,364,493432,4615144,46.69
DEUTNP,2017,40,4821986,5314.63,0.00111,0.00553,2.71,98492,545,491211,4121713,41.85
DEUTNP,2017,45,6259912,11747.4,0.0019,0.00947,2.69,97947,928,487595,3630502,37.07
DEUTNP,2017,50,6984307,22879.7,0.00327,0.01624,2.74,97020,1575,481532,3142907,32.39
DEUTNP,2017,55,6223126,35072.15,0.00559,0.02759,2.69,95444,2633,471129,2661375,27.88
DEUTNP,2017,60,5281280,47691.6,0.00899,0.044,2.65,92811,4083,454457,2190246,23.6
DEUTNP,2017,65,4563301,62726.39,0.01359,0.06585,2.64,88728,5843,429851,1735790,19.56
DEUTNP,2017,70,3654937,75581.92,0.02059,0.09815,2.62,82885,8135,395058,1305939,15.76
DEUTNP,2017,75,4349557,139230.3,0.0324,0.15054,2.65,74750,11253,347255,910881,12.19
DEUTNP,2017,80,2694971,165345.17,0.0606,0.26506,2.64,63497,16831,277744,563625,8.88
DEUTNP,2017,85,1495438.6400000001,173954.96,0.11641,0.45138,2.51,46667,21064,180956,285882,6.13
DEUTNP,2017,90,608384.35,127862.43,0.20974,0.66753,2.28,25602,17090,81482,104925,4.1
DEUTNP,2017,95,142313.76,50667.57,0.34374,0.84401,1.99,8512,7184,20900,23443,2.75
DEUTW,2017,0,638824,2156.26,0.00335,0.00335,0.14,100000,335,99713,8106852,81.07
DEUTW,2017,1,2389161,363.02,1.5e-4,5.9e-4,1.54,99665,59,398517,8007138,80.34
DEUTW,2017,5,2915325,219,8e-5,3.8e-4,2.27,99607,37,497931,7608621,76.39
DEUTW,2017,10,3032421,251,8e-5,4.1e-4,2.86,99569,41,497758,7110691,71.41
DEUTW,2017,15,3522593,755.07,2.1e-4,0.00107,2.86,99528,107,497412,6612933,66.44
DEUTW,2017,20,3928615,1223.11,3.1e-4,0.00155,2.53,99421,154,496727,6115521,61.51
DEUTW,2017,25,4330085,1456.14,3.4e-4,0.00168,2.6,99267,166,495937,5618794,56.6
DEUTW,2017,30,4130012,2057.29,5e-4,0.00248,2.65,99101,245,494929,5122857,51.69
DEUTW,2017,35,4024404,2910.36,7.2e-4,0.00359,2.67,98856,355,493451,4627928,46.82
DEUTW,2017,40,3943232,4224.53,0.00108,0.00537,2.71,98501,529,491294,4134476,41.97
DEUTW,2017,45,5125707,9241.12,0.00183,0.00912,2.67,97971,893,487780,3643182,37.19
DEUTW,2017,50,5625347,17485.14,0.0031,0.01539,2.73,97078,1494,482003,3155402,32.5
DEUTW,2017,55,4948848,26723.26,0.00536,0.02645,2.7,95584,2528,472096,2673399,27.97
DEUTW,2017,60,4106995,36086.39,0.00873,0.04275,2.65,93056,3978,455947,2201303,23.66
DEUTW,2017,65,3595936,48625.94,0.01339,0.06491,2.65,89078,5782,431781,1745356,19.59
DEUTW,2017,70,2855602,59354.23,0.02067,0.09848,2.62,83295,8203,396945,1313575,15.77
DEUTW,2017,75,3368358,107112.96,0.03221,0.14969,2.65,75092,11241,348999,916631,12.21
DEUTW,2017,80,2100792,127984.33,0.06018,0.2635,2.64,63851,16825,279587,567632,8.89
DEUTW,2017,85,1179735.65,137030.18,0.11628,0.45116,2.52,47027,21216,182462,288045,6.13
DEUTW,2017,90,488252.23,102784.9,0.21027,0.66827,2.27,25810,17248,82030,105584,4.09
DEUTW,2017,95,114195.1,40519.590000000004,0.34418,0.84444,1.98,8562,7230,21006,23553,2.75
DNK,2016,0,58605,194,0.0032,0.00319,0.14,100000,319,99726,8088386,80.88
DNK,2016,1,236143,34,1.5e-4,5.8e-4,1.28,99681,58,398565,7988660,80.14
DNK,2016,5,332625,29,9e-5,4.4e-4,2.54,99623,44,498005,7590096,76.19
DNK,2016,10,332901,19,6e-5,2.9e-4,2.77,99579,28,497831,7092090,71.22
DNK,2016,15,350964,58,1.6e-4,8.2e-4,2.92,99550,82,497582,6594259,66.24
DNK,2016,20,386749,137,3.5e-4,0.00176,2.59,99469,175,496921,6096677,61.29
DNK,2016,25,361983,143,3.9e-4,0.00194,2.47,99294,192,495981,5599756,56.4
DNK,2016,30,323168,149,4.6e-4,0.00228,2.54,99101,226,494948,5103775,51.5
DNK,2016,35,350425,238,6.9e-4,0.00343,2.56,98875,339,493546,4608827,46.61
DNK,2016,40,393520,412,0.00105,0.00523,2.7,98536,515,491497,4115281,41.76
DNK,2016,45,403639,751,0.00188,0.00934,2.69,98021,916,487989,3623784,36.97
DNK,2016,50,405774,1306,0.00318,0.01579,2.67,97105,1533,481950,3135795,32.29
DNK,2016,55,359474,2073,0.00576,0.02842,2.68,95572,2716,471546,2653845,27.77
DNK,2016,60,336859,3104,0.00919,0.04499,2.67,92855,4177,454544,2182300,23.5
DNK,2016,65,344348,4574,0.01347,0.06525,2.61,88678,5786,429544,1727756,19.48
DNK,2016,70,292443,6274,0.02093,0.09971,2.64,82892,8265,394948,1298212,15.66
DNK,2016,75,193873,6857,0.035,0.16171,2.65,74627,12068,344786,903264,12.1
DNK,2016,80,125369,8094,0.06392,0.27738,2.62,62559,17353,271473,558478,8.93
DNK,2016,85,74929,8466,0.11268,0.4397,2.5,45206,19877,176402,287005,6.35
DNK,2016,90,33795,6628,0.19514,0.64106,2.32,25329,16237,83210,110603,4.37
DNK,2016,95,9673,3284,0.31084,0.80954,2.04,9092,7360,23678,27393,3.01
ESP,2016,0,419395,1097,0.00264,0.00264,0.14,100000,264,99774,8306559,83.07
ESP,2016,1,1783367,239,1.4e-4,5.5e-4,1.51,99736,55,398809,8206785,82.28
ESP,2016,5,2477204,172,7e-5,3.5e-4,2.48,99682,35,498321,7807976,78.33
ESP,2016,10,2345436,175,7e-5,3.7e-4,2.6,99647,37,498146,7309655,73.36
ESP,2016,15,2185629,376,1.7e-4,8.5e-4,2.8,99610,85,497863,6811509,68.38
ESP,2016,20,2280632,531,2.3e-4,0.00117,2.55,99525,116,497340,6313646,63.44
ESP,2016,25,2564165,717,2.8e-4,0.0014,2.62,99409,140,496711,5816306,58.51
ESP,2016,30,3100404,1168,3.8e-4,0.00192,2.56,99269,191,495881,5319594,53.59
ESP,2016,35,3849019,2015,5.3e-4,0.00264,2.66,99078,262,494779,4823714,48.69
ESP,2016,40,3924814,3499,8.9e-4,0.00443,2.68,98816,438,493066,4328935,43.81
ESP,2016,45,3712893,6037,0.00162,0.00808,2.74,98378,795,490095,3835868,38.99
ESP,2016,50,3461062,10129,0.00291,0.01447,2.69,97583,1412,484661,3345774,34.29
ESP,2016,55,3073611,14019,0.00453,0.02239,2.66,96172,2154,475825,2861113,29.75
ESP,2016,60,2568305,17788,0.00686,0.03376,2.65,94018,3174,462621,2385288,25.37
ESP,2016,65,2348134,23786,0.0101,0.04932,2.64,90844,4481,443639,1922666,21.16
ESP,2016,70,1975727,31278,0.01571,0.07579,2.68,86363,6545,416600,1479027,17.13
ESP,2016,75,1584130,42214,0.02703,0.12716,2.68,79818,10149,375533,1062427,13.31
ESP,2016,80,1430781,71677,0.04979,0.22313,2.67,69668,15545,312181,686894,9.86
ESP,2016,85,890355.29,86456,0.0962,0.38953,2.56,54123,21083,219160,374713,6.92
ESP,2016,90,373049.46,66387,0.17421,0.59697,2.36,33041,19724,113221,155553,4.71
ESP,2016,95,92227.26,28471,0.28999,0.7882,2.1,13316,10496,36194,42331,3.18
EST,2017,0,14075,32,0.00233,0.00232,0.14,100000,232,99801,7820200,78.2
EST,2017,1,56114,10,1.8e-4,7.1e-4,1.71,99768,71,398908,7720399,77.38
EST,2017,5,76861,6,8e-5,3.9e-4,2.47,99697,39,498385,7321491,73.44
EST,2017,10,66559,11,1.6e-4,8e-4,2.18,99658,80,498064,6823106,68.47
EST,2017,15,59546,22,3.7e-4,0.00184,2.58,99578,183,497448,6325041,63.52
EST,2017,20,70389,39,5.7e-4,0.00285,2.48,99395,283,496263,5827593,58.63
EST,2017,25,96576,74,7.7e-4,0.00386,2.65,99112,383,494659,5331331,53.79
EST,2017,30,95273,108,0.00112,0.00558,2.54,98729,551,492293,4836672,48.99
EST,2017,35,90052,128,0.00142,0.00706,2.58,98179,693,489213,4344379,44.25
EST,2017,40,90416,197,0.00218,0.01085,2.69,97485,1058,484979,3855166,39.55
EST,2017,45,87871,272,0.00306,0.01519,2.63,96427,1464,478662,3370187,34.95
EST,2017,50,84678,431,0.00513,0.02533,2.73,94963,2406,469352,2891525,30.45
EST,2017,55,89106,687,0.00767,0.03768,2.67,92557,3488,454648,2422173,26.17
EST,2017,60,83645,1091,0.01301,0.06313,2.65,89069,5623,432131,1967525,22.09
EST,2017,65,75851,1386,0.01818,0.08716,2.65,83447,7273,400135,1535394,18.4
EST,2017,70,52762,1395,0.02622,0.1232,2.55,76174,9385,357902,1135260,14.9
EST,2017,75,56572,2185,0.03915,0.17894,2.6,66789,11951,305267,777357,11.64
EST,2017,80,37131,2557,0.06804,0.29235,2.59,54838,16032,235603,472090,8.61
EST,2017,85,22803.58,2819,0.12274,0.46897,2.49,38806,18199,148277,236487,6.09
EST,2017,90,7958.83,1637,0.20014,0.6495,2.3,20607,13384,66873,88210,4.28
EST,2017,95,1391.55,456.01,0.31796,0.81715,2.03,7223,5902,18563,21337,2.95
FIN,2015,0,57670,95,0.00168,0.00168,0.15,100000,168,99856,8143956,81.44
FIN,2015,1,242466,22,9e-5,3.7e-4,1.84,99832,37,399249,8044099,80.58
FIN,2015,5,304173,16,5e-5,2.6e-4,2.58,99795,26,498914,7644850,76.61
FIN,2015,10,292299,29,1e-4,5e-4,2.45,99769,49,498720,7145936,71.62
FIN,2015,15,306582,82,2.7e-4,0.00133,3.05,99720,133,498341,6647216,66.66
FIN,2015,20,342086,163,4.8e-4,0.00238,2.57,99587,237,497358,6148875,61.74
FIN,2015,25,339565,180,5.3e-4,0.00263,2.56,99349,262,496108,5651517,56.89
FIN,2015,30,355387,239,6.7e-4,0.00335,2.55,99088,332,494625,5155409,52.03
FIN,2015,35,344429,282,8.2e-4,0.00407,2.69,98755,402,492847,4660785,47.2
FIN,2015,40,314679,369,0.00117,0.00581,2.7,98353,572,490449,4167937,42.38
FIN,2015,45,359317,734,0.00207,0.01028,2.58,97781,1005,486479,3677489,37.61
FIN,2015,50,375585,1186,0.00316,0.01568,2.61,96776,1517,480255,3191010,32.97
FIN,2015,55,370897,1901,0.00514,0.02538,2.64,95259,2418,470586,2710755,28.46
FIN,2015,60,375230,3022,0.00809,0.03973,2.69,92841,3688,455698,2240169,24.13
FIN,2015,65,376614,4759,0.01237,0.06009,2.62,89153,5357,433034,1784471,20.02
FIN,2015,70,238873,4527,0.01868,0.08945,2.63,83796,7495,401253,1351437,16.13
FIN,2015,75,198424,6307,0.03179,0.148,2.67,76301,11293,355236,950185,12.45
FIN,2015,80,143437,8183,0.05691,0.25105,2.65,65008,16320,286756,594949,9.15
FIN,2015,85,91052,10202,0.11095,0.43467,2.51,48687,21163,190739,308192,6.33
FIN,2015,90,35520,7150,0.19754,0.64517,2.31,27524,17758,89894,117454,4.27
FIN,2015,95,7468,2748,0.33396,0.83543,2.01,9766,8159,24431,27559,2.82
FRACNP,2016,0,723581,2577,0.0036,0.00359,0.14,100000,359,99692,8239336,82.39
FRACNP,2016,1,3041696,480,1.6e-4,6.4e-4,1.63,99641,64,398413,8139645,81.69
FRACNP,2016,5,4019943,301,7e-5,3.7e-4,2.21,99577,37,497782,7741231,77.74
FRACNP,2016,10,3977870,335,8e-5,4.2e-4,2.74,99540,42,497605,7243449,72.77
FRACNP,2016,15,3919921,927,2.4e-4,0.00119,2.97,99498,118,497251,6745843,67.8
FRACNP,2016,20,3668480,1443,3.9e-4,0.00197,2.58,99380,196,496427,6248592,62.88
FRACNP,2016,25,3833259,1840,4.8e-4,0.00241,2.57,99184,239,495341,5752165,57.99
FRACNP,2016,30,3984753,2370,6e-4,0.00297,2.64,98946,294,494034,5256824,53.13
FRACNP,2016,35,3983819,3379,8.4e-4,0.00421,2.68,98651,415,492296,4762790,48.28
FRACNP,2016,40,4318188,5652,0.00132,0.00657,2.72,98236,645,489711,4270494,43.47
FRACNP,2016,45,4351401,9682,0.00222,0.01106,2.7,97591,1080,485477,3780783,38.74
FRACNP,2016,50,4341423,14984,0.00345,0.0171,2.67,96512,1650,478717,3295306,34.14
FRACNP,2016,55,4135155,23059,0.00557,0.02748,2.66,94861,2607,468211,2816589,29.69
FRACNP,2016,60,3949891,32199,0.00815,0.03995,2.61,92255,3685,452456,2348378,25.46
FRACNP,2016,65,3855143,42227,0.01093,0.05325,2.6,88569,4717,431529,1895922,21.41
FRACNP,2016,70,2462693,41082,0.0159,0.07661,2.63,83853,6424,404013,1464393,17.46
FRACNP,2016,75,2145542,53581,0.02529,0.11941,2.67,77428,9246,365584,1060380,13.69
FRACNP,2016,80,1850324,84880,0.04588,0.20723,2.67,68183,14130,307986,694797,10.19
FRACNP,2016,85,1248592.79,112278,0.08943,0.36795,2.59,54053,19889,222403,386810,7.16
FRACNP,2016,90,596443.3300000001,100875,0.16832,0.58423,2.38,34164,19960,118585,164407,4.81
FRACNP,2016,95,148728.91,46922.01,0.28453,0.78207,2.12,14204,11109,39043,45823,3.23
FRATNP,2016,0,723581,2577,0.0036,0.00359,0.14,100000,359,99692,8239338,82.39
FRATNP,2016,1,3041696,480,1.6e-4,6.4e-4,1.63,99641,64,398413,8139646,81.69
FRATNP,2016,5,4019943,301,7e-5,3.7e-4,2.21,99577,37,497783,7741232,77.74
FRATNP,2016,10,3977870,335,8e-5,4.2e-4,2.74,99540,42,497606,7243450,72.77
FRATNP,2016,15,3919921,927,2.4e-4,0.00119,2.97,99498,118,497251,6745844,67.8
FRATNP,2016,20,3668480,1443,3.9e-4,0.00197,2.58,99380,196,496427,6248593,62.88
FRATNP,2016,25,3833259,1840,4.8e-4,0.00241,2.57,99184,239,495341,5752166,57.99
FRATNP,2016,30,3984753,2370,6e-4,0.00297,2.64,98946,294,494034,5256825,53.13
FRATNP,2016,35,3983819,3379,8.4e-4,0.00421,2.68,98651,415,492296,4762791,48.28
FRATNP,2016,40,4318188,5652,0.00132,0.00657,2.72,98236,645,489711,4270495,43.47
FRATNP,2016,45,4351401,9682,0.00222,0.01106,2.7,97591,1080,485477,3780784,38.74
FRATNP,2016,50,4341423,14984,0.00345,0.0171,2.67,96512,1650,478717,3295307,34.14
FRATNP,2016,55,4135155,23059,0.00557,0.02748,2.66,94861,2607,468211,2816589,29.69
FRATNP,2016,60,3949891,32199,0.00815,0.03995,2.61,92255,3685,452456,2348378,25.46
FRATNP,2016,65,3855143,42227,0.01093,0.05325,2.6,88569,4717,431529,1895922,21.41
FRATNP,2016,70,2462693,41082,0.0159,0.07661,2.63,83853,6424,404013,1464394,17.46
FRATNP,2016,75,2145542,53581,0.02529,0.11941,2.67,77428,9246,365584,1060381,13.69
FRATNP,2016,80,1850324,84880,0.04588,0.20723,2.67,68183,14130,307986,694797,10.19
FRATNP,2016,85,1248592.79,112278,0.08943,0.36795,2.59,54053,19889,222403,386810,7.16
FRATNP,2016,90,596443.3300000001,100875,0.16832,0.58423,2.38,34164,19960,118585,164407,4.81
FRATNP,2016,95,148728.91,46922.01,0.28453,0.78207,2.12,14204,11109,39043,45823,3.23
GBR_NIR,2016,0,24111.85,112,0.00465,0.00463,0.14,100000,463,99602,8058265,80.58
GBR_NIR,2016,1,99986.5,12,1.2e-4,4.9e-4,1.32,99537,49,398018,7958663,79.96
GBR_NIR,2016,5,125801.66,9,7e-5,3.5e-4,2.07,99488,35,497338,7560645,76
GBR_NIR,2016,10,112189.95999999999,10,9e-5,4.4e-4,2.44,99453,44,497153,7063307,71.02
GBR_NIR,2016,15,120363.41,38,3.2e-4,0.00158,2.93,99409,157,496721,6566154,66.05
GBR_NIR,2016,20,119910.28,77,6.4e-4,0.00321,2.75,99253,319,495546,6069433,61.15
GBR_NIR,2016,25,123948.84,77,6.2e-4,0.0031,2.5,98934,307,493903,5573887,56.34
GBR_NIR,2016,30,123458.72,100,8.1e-4,0.00404,2.69,98627,398,492214,5079984,51.51
GBR_NIR,2016,35,118193.12,102,8.7e-4,0.00433,2.93,98229,425,490265,4587770,46.71
GBR_NIR,2016,40,121518.87,165,0.00137,0.00683,2.65,97803,668,487446,4097506,41.9
GBR_NIR,2016,45,130813.13,293,0.00225,0.01117,2.62,97136,1085,483092,3610060,37.17
GBR_NIR,2016,50,129943.87,417,0.00321,0.01591,2.69,96051,1528,476726,3126968,32.56
GBR_NIR,2016,55,114000.05,626,0.00543,0.02678,2.6,94523,2532,466528,2650242,28.04
GBR_NIR,2016,60,95963.43,762,0.00787,0.03864,2.68,91991,3555,451693,2183713,23.74
GBR_NIR,2016,65,89116.92,1195,0.0134,0.065,2.68,88437,5748,428852,1732020,19.58
GBR_NIR,2016,70,75184.92,1612,0.02118,0.10091,2.67,82688,8344,393984,1303167,15.76
GBR_NIR,2016,75,55182.42,1912,0.03443,0.15942,2.68,74344,11852,344203,909183,12.23
GBR_NIR,2016,80,39343.05,2442,0.06165,0.26877,2.62,62492,16796,272438,564980,9.04
GBR_NIR,2016,85,23093.23,2628,0.11256,0.43887,2.49,45696,20055,178176,292542,6.4
GBR_NIR,2016,90,9557.689999999999,1781.52,0.18787,0.6244,2.32,25641,16011,85224,114366,4.46
GBR_NIR,2016,95,3044.56,1059.5,0.30897,0.80796,2.05,9631,7781,25185,29143,3.03
GBR_NP,2016,0,774713.69,3004,0.00387,0.00386,0.14,100000,386,99669,8103820,81.04
GBR_NP,2016,1,3212484.84,497,1.6e-4,6.3e-4,1.51,99614,63,398301,8004152,80.35
GBR_NP,2016,5,3974130.23,278,7e-5,3.5e-4,2.35,99552,35,497666,7605850,76.4
GBR_NP,2016,10,3565801.87,321,9e-5,4.5e-4,2.79,99517,45,497487,7108184,71.43
GBR_NP,2016,15,3757944.2199999997,895,2.4e-4,0.00119,2.91,99472,118,497115,6610697,66.46
GBR_NP,2016,20,4199293.74,1636,3.9e-4,0.00197,2.56,99354,196,496293,6113582,61.53
GBR_NP,2016,25,4428104.12,2176,4.9e-4,0.00245,2.61,99158,243,495209,5617290,56.65
GBR_NP,2016,30,4370390.45,3004,6.9e-4,0.00344,2.63,98915,340,493772,5122080,51.78
GBR_NP,2016,35,4114586.6500000004,3861,0.00093000000000000005,0.00466,2.64,98575,459,491794,4628309,46.95
GBR_NP,2016,40,4223980.64,6248,0.00149,0.00745,2.69,98116,731,488889,4136515,42.16
GBR_NP,2016,45,4612273.5,9981,0.00217,0.01078,2.63,97385,1050,484437,3647625,37.46
GBR_NP,2016,50,4589011.77,14801,0.00321,0.01595,2.64,96335,1536,478045,3163188,32.84
GBR_NP,2016,55,4001303.81,20356,0.00504,0.02492,2.66,94799,2362,468477,2685144,28.32
GBR_NP,2016,60,3509922.84,27993,0.00795,0.03903,2.66,92437,3608,453756,2216666,23.98
GBR_NP,2016,65,3620300.46,44527,0.01224,0.05951,2.65,88829,5286,431730,1762911,19.85
GBR_NP,2016,70,2785784.42,56421,0.01986,0.09488,2.67,83543,7927,399218,1331181,15.93
GBR_NP,2016,75,2155441.29,73523,0.03403,0.1575,2.64,75616,11910,350008,931963,12.32
GBR_NP,2016,80,1592606.87,96298,0.06024,0.26357,2.63,63706,16791,278723,581955,9.13
GBR_NP,2016,85,980850.9299999999,108064,0.10965,0.43076,2.51,46915,20209,184312,303232,6.46
GBR_NP,2016,90,437410.74,83146.52,0.18932,0.62754,2.31,26706,16759,88521,118919,4.45
GBR_NP,2016,95,121438.92,40175.53,0.3053,0.80405,2.06,9947,7998,26196,30399,3.06
GBR_SCO,2016,0,54959.8,181,0.0033,0.00329,0.14,100000,329,99718,7903260,79.03
GBR_SCO,2016,1,231632.85,42,1.9e-4,7.4e-4,1.48,99671,74,398496,7803542,78.29
GBR_SCO,2016,5,294277.28,29,1e-4,4.9e-4,2,99597,49,497837,7405046,74.35
GBR_SCO,2016,10,272271.5,26,1e-4,4.8e-4,3.41,99548,48,497664,6907209,69.39
GBR_SCO,2016,15,295904.72000000003,98,3.3e-4,0.00165,2.98,99500,164,497167,6409545,64.42
GBR_SCO,2016,20,358596.34,165,4.7e-4,0.00233,2.66,99336,232,496136,5912378,59.52
GBR_SCO,2016,25,365308.52,276,7.5e-4,0.00375,2.75,99104,372,494683,5416242,54.65
GBR_SCO,2016,30,347104.65,363,0.00105,0.00522,2.73,98732,516,492489,4921559,49.85
GBR_SCO,2016,35,321791.83,470,0.00145,0.00723,2.58,98217,710,489368,4429070,45.09
GBR_SCO,2016,40,342608.03,822,0.00244,0.01213,2.55,97507,1183,484630,3939703,40.4
GBR_SCO,2016,45,393056.78,1173,0.00301,0.01492,2.49,96324,1437,478006,3455072,35.87
GBR_SCO,2016,50,405247.94,1699,0.0042,0.02077,2.57,94887,1971,469645,2977066,31.37
GBR_SCO,2016,55,366149.52,2302,0.00625,0.03079,2.66,92916,2861,457897,2507421,26.99
GBR_SCO,2016,60,318783.59,3082,0.00959,0.04692,2.66,90055,4225,440401,2049524,22.76
GBR_SCO,2016,65,315021.31,4767,0.01516,0.07321,2.67,85829,6283,414479,1609123,18.75
GBR_SCO,2016,70,235560.95,5818,0.02416,0.11432,2.65,79546,9094,376388,1194644,15.02
GBR_SCO,2016,75,187205.31,7462,0.03981,0.18184,2.62,70452,12811,321779,818256,11.61
GBR_SCO,2016,80,135362.07,9350,0.06884,0.29524,2.59,57641,17018,247194,496476,8.61
GBR_SCO,2016,85,77220.92,9333,0.12003,0.46032,2.47,40623,18700,155794,249282,6.14
GBR_SCO,2016,90,31633.46,6433,0.20137,0.65076,2.28,21924,14267,70848,93488,4.26
GBR_SCO,2016,95,8121.65,2837,0.31797,0.81669,2.02,7657,6253,19666,22640,2.96
GBRCENW,2016,0,695642.04,2711,0.00389,0.00387,0.14,100000,387,99667,8125446,81.25
GBRCENW,2016,1,2880865.49,443,1.6e-4,6.3e-4,1.52,99613,62,398296,8025779,80.57
GBRCENW,2016,5,3554051.29,240,7e-5,3.3e-4,2.4,99550,33,497665,7627483,76.62
GBRCENW,2016,10,3181340.41,285,9e-5,4.5e-4,2.74,99517,44,497484,7129818,71.64
GBRCENW,2016,15,3341676.09,759,2.3e-4,0.00114,2.9,99473,113,497126,6632334,66.68
GBRCENW,2016,20,3720787.12,1394,3.8e-4,0.0019,2.54,99360,188,496335,6135208,61.75
GBRCENW,2016,25,3938846.7600000002,1823,4.6e-4,0.00231,2.59,99171,229,495304,5638873,56.86
GBRCENW,2016,30,3899827.08,2541,6.5e-4,0.00326,2.62,98942,322,493943,5143569,51.99
GBRCENW,2016,35,3674601.7,3289,8.9e-4,0.00445,2.64,98620,438,492066,4649626,47.15
GBRCENW,2016,40,3759853.74,5261,0.00141,0.00704,2.71,98182,691,489323,4157560,42.35
GBRCENW,2016,45,4088403.59,8515,0.00209,0.01038,2.65,97490,1012,485072,3668237,37.63
GBRCENW,2016,50,4053819.96,12685,0.00312,0.01547,2.64,96478,1492,478875,3183165,32.99
GBRCENW,2016,55,3521154.2399999998,17428,0.0049,0.02425,2.67,94986,2303,469556,2704290,28.47
GBRCENW,2016,60,3095175.8200000003,24149,0.00778,0.0382,2.66,92683,3541,455143,2234734,24.11
GBRCENW,2016,65,3216162.23,38565,0.01194,0.05808,2.65,89142,5177,433555,1779591,19.96
GBRCENW,2016,70,2475038.55,48991,0.0194,0.09279,2.67,83965,7791,401664,1346036,16.03
GBRCENW,2016,75,1913053.56,64149,0.03345,0.15504,2.65,76174,11810,353060,944372,12.4
GBRCENW,2016,80,1417901.75,84506,0.05938,0.26034,2.63,64363,16756,282169,591312,9.19
GBRCENW,2016,85,880536.78,96103,0.10866,0.42788,2.52,47607,20370,187471,309143,6.49
GBRCENW,2016,90,396219.58999999997,74932,0.18845,0.62589,2.32,27237,17047,90461,121672,4.47
GBRCENW,2016,95,110272.70999999999,36279.03,0.3044,0.80316,2.06,10190,8184,26885,31211,3.06
GBRTENW,2016,0,695642.04,2711,0.00389,0.00387,0.14,100000,387,99667,8125446,81.25
GBRTENW,2016,1,2880865.49,443,1.6e-4,6.3e-4,1.52,99613,62,398296,8025779,80.57
GBRTENW,2016,5,3554051.29,240,7e-5,3.3e-4,2.4,99550,33,497665,7627483,76.62
GBRTENW,2016,10,3181340.41,285,9e-5,4.5e-4,2.74,99517,44,497484,7129818,71.64
GBRTENW,2016,15,3341676.09,759,2.3e-4,0.00114,2.9,99473,113,497126,6632334,66.68
GBRTENW,2016,20,3720787.12,1394,3.8e-4,0.0019,2.54,99360,188,496335,6135208,61.75
GBRTENW,2016,25,3938846.7600000002,1823,4.6e-4,0.00231,2.59,99171,229,495304,5638873,56.86
GBRTENW,2016,30,3899827.08,2541,6.5e-4,0.00326,2.62,98942,322,493943,5143569,51.99
GBRTENW,2016,35,3674601.7,3289,8.9e-4,0.00445,2.64,98620,438,492066,4649626,47.15
GBRTENW,2016,40,3759853.74,5261,0.00141,0.00704,2.71,98182,691,489323,4157560,42.35
GBRTENW,2016,45,4088403.59,8515,0.00209,0.01038,2.65,97490,1012,485072,3668237,37.63
GBRTENW,2016,50,4053819.96,12685,0.00312,0.01547,2.64,96478,1492,478875,3183165,32.99
GBRTENW,2016,55,3521154.2399999998,17428,0.0049,0.02425,2.67,94986,2303,469556,2704290,28.47
GBRTENW,2016,60,3095175.8200000003,24149,0.00778,0.0382,2.66,92683,3541,455143,2234734,24.11
GBRTENW,2016,65,3216162.23,38565,0.01194,0.05808,2.65,89142,5177,433555,1779591,19.96
GBRTENW,2016,70,2475038.55,48991,0.0194,0.09279,2.67,83965,7791,401664,1346036,16.03
GBRTENW,2016,75,1913053.56,64149,0.03345,0.15504,2.65,76174,11810,353060,944372,12.4
GBRTENW,2016,80,1417901.75,84506,0.05938,0.26034,2.63,64363,16756,282169,591312,9.19
GBRTENW,2016,85,880536.78,96103,0.10866,0.42788,2.52,47607,20370,187471,309143,6.49
GBRTENW,2016,90,396219.58999999997,74932,0.18845,0.62589,2.32,27237,17047,90461,121672,4.47
GBRTENW,2016,95,110272.70999999999,36279.03,0.3044,0.80316,2.06,10190,8184,26885,31211,3.06
GRC,2013,0,99905,345,0.00356,0.00355,0.14,100000,355,99695,8106119,81.06
GRC,2013,1,443173,58,1.3e-4,5.3e-4,1.85,99645,53,398466,8006423,80.35
GRC,2013,5,535716,53,1e-4,4.9e-4,2.2,99592,49,497822,7607958,76.39
GRC,2013,10,535622,55,1e-4,5.2e-4,2.64,99543,51,497594,7110135,71.43
GRC,2013,15,545391,128,2.3e-4,0.00117,2.84,99492,117,497206,6612541,66.46
GRC,2013,20,615604,263,4.4e-4,0.00217,2.7,99375,216,496378,6115335,61.54
GRC,2013,25,667887,304,4.7e-4,0.00236,2.29,99159,234,495160,5618957,56.67
GRC,2013,30,814896,507,6.3e-4,0.00316,2.58,98925,312,493867,5123797,51.79
GRC,2013,35,825924,636,7.7e-4,0.00386,2.64,98613,381,492163,4629930,46.95
GRC,2013,40,843030,1026,0.00123,0.00612,2.73,98232,601,489795,4137767,42.12
GRC,2013,45,789505,1719,0.00218,0.01083,2.77,97631,1057,485794,3647971,37.37
GRC,2013,50,746474,2586,0.00347,0.01722,2.7,96573,1663,479035,3162177,32.74
GRC,2013,55,685257,3821,0.00552,0.02723,2.64,94910,2584,468454,2683143,28.27
GRC,2013,60,636306,5069,0.00798,0.03916,2.56,92325,3615,452799,2214689,23.99
GRC,2013,65,577022,7099,0.01216,0.05911,2.63,88710,5243,431144,1761890,19.86
GRC,2013,70,509019,9105,0.018,0.08645,2.71,83467,7215,400780,1330746,15.94
GRC,2013,75,492759,16133,0.03276,0.15247,2.73,76251,11626,354883,929966,12.2
GRC,2013,80,363562,23299,0.06381,0.2776,2.66,64625,17940,281157,575083,8.9
GRC,2013,85,188231.78,22640,0.11813,0.45435,2.46,46685,21212,179563,293926,6.3
GRC,2013,90,61970.229999999996,12002,0.1876,0.6214,2.28,25474,15830,84379,114363,4.49
GRC,2013,95,16432.93,4945.96,0.29974,0.797,2.06,9644,7687,25644,29984,3.11
HRV,2017,0,37398,148.01,0.004,0.00399,0.14,100000,399,99657,7789943,77.9
HRV,2017,1,156604,35,2.3e-4,9.2e-4,1.72,99601,91,398197,7690286,77.21
HRV,2017,5,208924,30,1.4e-4,7.2e-4,2.41,99510,72,497363,7292089,73.28
HRV,2017,10,200524,20,1e-4,5e-4,3.17,99438,50,497098,6794725,68.33
HRV,2017,15,224781,58,2.6e-4,0.0013,2.88,99388,129,496666,6297627,63.36
HRV,2017,20,241706,107,4.4e-4,0.0022,2.31,99259,218,495706,5800962,58.44
HRV,2017,25,254011,118,4.7e-4,0.00236,2.7,99040,234,494664,5305255,53.57
HRV,2017,30,278209,146,5.3e-4,0.00267,2.54,98806,264,493383,4810591,48.69
HRV,2017,35,288189,259.01,9e-4,0.00451,2.83,98543,445,491750,4317208,43.81
HRV,2017,40,276363,381.06,0.00139,0.00691,2.73,98098,678,488953,3825458,39
HRV,2017,45,274327,686.11,0.00251,0.01249,2.78,97420,1217,484395,3336505,34.25
HRV,2017,50,295726,1339.19,0.00457,0.02261,2.68,96203,2175,475966,2852111,29.65
HRV,2017,55,304126,2246.32,0.00742,0.03645,2.68,94029,3427,462186,2376145,25.27
HRV,2017,60,299063,3598.46,0.01206,0.05868,2.7,90601,5316,440765,1913959,21.13
HRV,2017,65,251335,4691.58,0.01849,0.08849,2.57,85285,7547,408094,1473194,17.27
HRV,2017,70,181592,5035.58,0.02756,0.12939,2.64,77738,10059,364918,1065100,13.7
HRV,2017,75,172911,8193.8,0.04746,0.21325,2.62,67680,14433,304116,700182,10.35
HRV,2017,80,126413,10866.88,0.0858,0.35489,2.57,53247,18897,220235,396066,7.44
HRV,2017,85,61097.84,9602.65,0.15521,0.55473,2.43,34350,19055,122772,175831,5.12
HRV,2017,90,17882.94,4660.22,0.26043,0.74335,2.11,15295,11370,43656,53059,3.47
HRV,2017,95,3039.62,1254.05,0.40357,0.88793,1.85,3925,3486,8637,9403,2.4
HUN,2017,0,94858,332.03,0.00349,0.00348,0.14,100000,348,99701,7600358,76
HUN,2017,1,366881,73,2e-4,7.9e-4,1.69,99652,79,398426,7500657,75.27
HUN,2017,5,474702,58,1.2e-4,6.2e-4,2.26,99573,61,497697,7102231,71.33
HUN,2017,10,486424,69,1.4e-4,7.1e-4,2.76,99512,71,497400,6604534,66.37
HUN,2017,15,493069,131,2.7e-4,0.00133,2.88,99441,132,496924,6107134,61.41
HUN,2017,20,596660,211,3.6e-4,0.00179,2.53,99309,178,496103,5610210,56.49
HUN,2017,25,620563,305,4.9e-4,0.00245,2.66,99131,243,495084,5114108,51.59
HUN,2017,30,610309,473,7.8e-4,0.00388,2.7,98888,384,493556,4619024,46.71
HUN,2017,35,755139,802.08,0.00108,0.0054,2.64,98504,532,491265,4125468,41.88
HUN,2017,40,819308,1344.1,0.00163,0.00812,2.71,97972,795,488038,3634202,37.09
HUN,2017,45,710839,2586.27,0.00362,0.01795,2.76,97177,1745,481976,3146165,32.38
HUN,2017,50,589143,4075.44,0.00685,0.03374,2.73,95432,3220,469862,2664188,27.92
HUN,2017,55,620066,6999.7,0.01141,0.05556,2.65,92212,5124,448999,2194326,23.8
HUN,2017,60,731374,12624.28,0.01732,0.08318,2.62,87089,7244,418197,1745327,20.04
HUN,2017,65,597868,14310.44,0.02388,0.11287,2.58,79844,9012,377427,1327130,16.62
HUN,2017,70,457173,15050.43,0.03267,0.15135,2.57,70832,10720,328146,949703,13.41
HUN,2017,75,347900,17914.62,0.05101,0.22725,2.6,60112,13660,267774,621557,10.34
HUN,2017,80,235120,20402.72,0.08687,0.35792,2.54,46452,16626,191390,353782,7.62
HUN,2017,85,132316.61,19564.57,0.148,0.53385,2.39,29826,15922,107584,162393,5.44
HUN,2017,90,49082.47,11067.84,0.22368,0.6878,2.2,13903,9563,42751,54809,3.94
HUN,2017,95,8991.02,3279.22,0.34267,0.83909,1.96,4341,3642,10628,12058,2.78
IRL,2014,0,69102.48,249,0.00362,0.0036,0.14,100000,360,99691,8120291,81.2
IRL,2014,1,294380.03,38,1.3e-4,5.2e-4,1.71,99640,52,398440,8020601,80.5
IRL,2014,5,339328,34,1e-4,5e-4,2.68,99588,49,497824,7622161,76.54
IRL,2014,10,310638.1,40,1.3e-4,6.4e-4,2.84,99538,64,497553,7124337,71.57
IRL,2014,15,277771.55,51,1.9e-4,9.4e-4,2.99,99474,93,497183,6626784,66.62
IRL,2014,20,248434.38999999998,151,6.2e-4,0.00311,2.61,99381,309,496164,6129601,61.68
IRL,2014,25,309323.11,167,5.6e-4,0.00278,2.39,99072,275,494640,5633437,56.86
IRL,2014,30,380767.96,252,6.7e-4,0.00335,2.56,98797,331,493177,5138797,52.01
IRL,2014,35,365783.31,276,7.5e-4,0.00375,2.69,98466,370,491473,4645620,47.18
IRL,2014,40,346545.67000000004,387,0.00111,0.00555,2.66,98096,544,489209,4154147,42.35
IRL,2014,45,314100.41000000003,556,0.00176,0.00878,2.76,97552,857,485839,3664938,37.57
IRL,2014,50,287728.94,827,0.00285,0.01415,2.6,96695,1368,480195,3179099,32.88
IRL,2014,55,254084.91999999998,1202,0.00471,0.0233,2.73,95327,2221,471583,2698905,28.31
IRL,2014,60,225618.41999999998,1614,0.00714,0.03514,2.8,93106,3271,458339,2227322,23.92
IRL,2014,65,194318.16,2378,0.01209,0.05877,2.63,89835,5280,436635,1768983,19.69
IRL,2014,70,141843.02,2839,0.01982,0.09476,2.69,84555,8012,404244,1332348,15.76
IRL,2014,75,107604.81999999999,3686,0.03399,0.15729,2.63,76542,12039,354231,928104,12.13
IRL,2014,80,74213.2,4827,0.06453,0.27954,2.61,64503,18031,279443,573873,8.9
IRL,2014,85,41780.64,4939,0.11797,0.45572,2.5,46472,21178,179516,294430,6.34
IRL,2014,90,17633.670000000002,3321,0.1848,0.61663,2.3,25293,15597,84399,114914,4.54
IRL,2014,95,4109.77,1279,0.2957,0.79203,2.07,9697,7680,25973,30515,3.15
ISL,2016,0,4113,3,7.4e-4,7.4e-4,0.15,100000,74,99937,8206887,82.07
ISL,2016,1,17732,5,2.8e-4,0.00114,2.28,99926,113,399510,8106950,81.13
ISL,2016,5,23408,1,4e-5,2.1e-4,3.5,99813,21,499031,7707440,77.22
ISL,2016,10,21287,1,4e-5,2.2e-4,0.5,99791,22,498856,7208409,72.23
ISL,2016,15,22121,8,3.6e-4,0.00181,2.84,99769,180,498456,6709553,67.25
ISL,2016,20,24886,9,3.6e-4,0.00177,2.67,99589,177,497531,6211097,62.37
ISL,2016,25,24370,13,5.1e-4,0.00255,2.29,99412,254,496372,5713566,57.47
ISL,2016,30,23109,17,7.3e-4,0.00365,2.51,99158,362,494890,5217194,52.61
ISL,2016,35,22431,19,8.4e-4,0.00419,2.56,98796,414,492973,4722304,47.8
ISL,2016,40,21721,16,7.3e-4,0.00365,2.61,98383,359,491054,4229331,42.99
ISL,2016,45,20567,28,0.00134,0.00668,3.18,98023,655,488922,3738277,38.14
ISL,2016,50,21649,41,0.00189,0.00941,2.85,97368,916,484877,3249355,33.37
ISL,2016,55,21030,84,0.00399,0.01975,2.62,96452,1905,477736,2764478,28.66
ISL,2016,60,18032,107,0.00588,0.02899,2.68,94547,2741,466376,2286742,24.19
ISL,2016,65,15045,161,0.01059,0.05169,2.73,91806,4746,448240,1820366,19.83
ISL,2016,70,11151,237,0.02111,0.10095,2.84,87061,8789,416329,1372126,15.76
ISL,2016,75,7718,251,0.03243,0.15078,2.68,78272,11801,363955,955797,12.21
ISL,2016,80,6153,355,0.06004,0.26318,2.66,66470,17494,291367,591842,8.9
ISL,2016,85,4036.7799999999997,480,0.11613,0.45088,2.52,48977,22083,190158,300475,6.14
ISL,2016,90,1606.39,365,0.20953,0.66875,2.3,26894,17985,85835,110317,4.1
ISL,2016,95,350.47,108,0.34492,0.84458,1.98,8909,7524,21814,24483,2.75
ISR,2016,0,178270,567,0.00316,0.00315,0.14,100000,315,99730,8250154,82.5
ISR,2016,1,692443,120,1.7e-4,6.8e-4,1.33,99685,68,398560,8150424,81.76
ISR,2016,5,797427,85,1.1e-4,5.3e-4,2.42,99617,52,497951,7751865,77.82
ISR,2016,10,723656,79,1.1e-4,5.4e-4,2.87,99565,54,497710,7253913,72.86
ISR,2016,15,662298,172,2.6e-4,0.00129,2.76,99511,128,497267,6756203,67.89
ISR,2016,20,611722,195,3.2e-4,0.00158,2.42,99383,157,496507,6258936,62.98
ISR,2016,25,593005,224,3.8e-4,0.00188,2.62,99225,186,495683,5762429,58.07
ISR,2016,30,581344,268,4.6e-4,0.00229,2.72,99039,227,494677,5266745,53.18
ISR,2016,35,558225,362,6.5e-4,0.00324,2.75,98812,321,493338,4772068,48.29
ISR,2016,40,526059,516,9.8e-4,0.00487,2.79,98491,479,491399,4278730,43.44
ISR,2016,45,445076,683,0.00152,0.00757,2.72,98012,742,488370,3787332,38.64
ISR,2016,50,400703,1049,0.00261,0.01296,2.79,97270,1261,483569,3298962,33.92
ISR,2016,55,385214,1607,0.00416,0.0206,2.61,96010,1978,475316,2815393,29.32
ISR,2016,60,368984,2432,0.00658,0.03242,2.66,94031,3048,463035,2340077,24.89
ISR,2016,65,331062,3448,0.0103,0.05029,2.66,90983,4576,444208,1877042,20.63
ISR,2016,70,194228,3544,0.01762,0.08467,2.7,86408,7316,415200,1432835,16.58
ISR,2016,75,173873,5215,0.02996,0.14,2.66,79092,11073,369592,1017634,12.87
ISR,2016,80,119167,6780,0.05602,0.24713,2.62,68019,16809,300083,648043,9.53
ISR,2016,85,75991.52,7741,0.10248,0.40846,2.52,51210,20917,204099,347960,6.79
ISR,2016,90,36569.09,6296,0.16997,0.58627,2.35,30293,17760,104489,143860,4.75
ISR,2016,95,8024.93,2819.98,0.29538,0.79323,2.08,12533,9942,33657,39372,3.14
ITA,2014,0,509053,1396,0.00277,0.00277,0.14,100000,277,99763,8294871,82.95
ITA,2014,1,2215053,269,1.2e-4,4.9e-4,1.79,99723,49,398784,8195108,82.18
ITA,2014,5,2869864,192,7e-5,3.3e-4,2.37,99674,33,498283,7796323,78.22
ITA,2014,10,2854163,236,8e-5,4.1e-4,2.97,99641,41,498120,7298041,73.24
ITA,2014,15,2862527,573,2e-4,0.001,2.79,99600,100,497778,6799920,68.27
ITA,2014,20,3114713,844,2.7e-4,0.00136,2.57,99500,135,497172,6302142,63.34
ITA,2014,25,3303115,1035,3.1e-4,0.00157,2.51,99365,156,496436,5804970,58.42
ITA,2014,30,3682176,1372,3.8e-4,0.00188,2.61,99209,186,495598,5308534,53.51
ITA,2014,35,4432888,2489,5.7e-4,0.00284,2.65,99022,281,494451,4812935,48.6
ITA,2014,40,4864999,4258,8.8e-4,0.00438,2.72,98741,432,492719,4318485,43.74
ITA,2014,45,4992748,7331,0.00147,0.00732,2.74,98309,719,489916,3825765,38.92
ITA,2014,50,4491569,11317,0.00249,0.01239,2.69,97589,1209,485156,3335850,34.18
ITA,2014,55,3943819,15645,0.00394,0.01955,2.69,96381,1884,477556,2850693,29.58
ITA,2014,60,3631039,23059,0.00636,0.03135,2.67,94497,2963,465585,2373138,25.11
ITA,2014,65,3447791,35548,0.01024,0.05002,2.68,91534,4579,447027,1907553,20.84
ITA,2014,70,3044129,49469,0.01632,0.0786,2.65,86955,6834,418739,1460526,16.8
ITA,2014,75,2645596,75141,0.02828,0.13275,2.7,80121,10636,376120,1041787,13
ITA,2014,80,2013904,108833,0.05362,0.23818,2.66,69485,16550,308644,665667,9.58
ITA,2014,85,1234577.21,125525,0.10109,0.40533,2.56,52935,21457,212249,357023,6.74
ITA,2014,90,518847.24,97257,0.18036,0.60941,2.34,31479,19184,106363,144774,4.6
ITA,2014,95,106910.56,33504,0.29663,0.79537,2.08,12295,9779,32968,38411,3.12
JPN,2016,0,957762.31,1928.62,0.00199,0.00199,0.15,100000,199,99830,8415425,84.15
JPN,2016,1,3973089.79,690.23,1.8e-4,7.1e-4,1.47,99801,71,399026,8315595,83.32
JPN,2016,5,5262850.47,391.12,7e-5,3.7e-4,2.23,99731,37,498550,7916569,79.38
JPN,2016,10,5547022.109999999,440.12,8e-5,4e-4,2.68,99693,40,498375,7418019,74.41
JPN,2016,15,5971201.09,1166.44,2e-4,9.8e-4,2.83,99654,97,498057,6919645,69.44
JPN,2016,20,5887087.85,2083.82,3.5e-4,0.00177,2.6,99556,176,497359,6421588,64.5
JPN,2016,25,6251955.37,2479.95,4e-4,0.00201,2.51,99381,199,496406,5924229,59.61
JPN,2016,30,7147030.720000001,3355.28,4.7e-4,0.00237,2.6,99181,235,495342,5427824,54.73
JPN,2016,35,8161095.15,5194.91,6.5e-4,0.00323,2.63,98946,319,493976,4932482,49.85
JPN,2016,40,9652307.33,9266.37,9.6e-4,0.00481,2.68,98627,474,492037,4438506,45
JPN,2016,45,8746180.09,13928.14,0.00156,0.00777,2.68,98153,763,488998,3946468,40.21
JPN,2016,50,7877157.52,19487.21,0.00249,0.01239,2.65,97390,1207,484118,3457470,35.5
JPN,2016,55,7505652.100000001,28341.78,0.00379,0.01878,2.67,96183,1807,476714,2973352,30.91
JPN,2016,60,8391188.68,48241.75,0.00586,0.0289,2.67,94376,2727,465514,2496638,26.45
JPN,2016,65,9838155.43,93541.4,0.00924,0.04524,2.66,91649,4146,448543,2031124,22.16
JPN,2016,70,7657138.64,107867.1,0.01427,0.06905,2.66,87503,6042,423353,1582581,18.09
JPN,2016,75,6371964.41,153064.21,0.02388,0.11313,2.68,81461,9216,385935,1159227,14.23
JPN,2016,80,5050271.21,223840.22,0.0439,0.19914,2.67,72245,14387,327719,773292,10.7
JPN,2016,85,3165001.64,260617.17,0.08085,0.3381,2.58,57858,19562,241967,445573,7.7
JPN,2016,90,1387820.85,209433.74,0.14685,0.53208,2.41,38296,20377,138753,203605,5.32
JPN,2016,95,442810.58,122388.26,0.24705,0.73019,2.2,17920,13085,52964,64852,3.62
KOR,2016,0,424542,1154.18,0.00281,0.0028,0.14,100000,280,99760,8253041,82.53
KOR,2016,1,1841634,278.04,1.5e-4,6.2e-4,1.62,99720,61,398733,8153281,81.76
KOR,2016,5,2333082,205.02,9e-5,4.4e-4,2.32,99658,44,498175,7754548,77.81
KOR,2016,10,2455565,193.01,8e-5,4e-4,2.47,99615,40,497973,7256372,72.84
KOR,2016,15,3248594,718.09,2.2e-4,0.00111,2.87,99575,111,497638,6758400,67.87
KOR,2016,20,3543289,1131.13,3.2e-4,0.0016,2.67,99464,159,496950,6260762,62.94
KOR,2016,25,3123789,1374.16,4.4e-4,0.00217,2.54,99305,216,495995,5763812,58.04
KOR,2016,30,3703835,2122.27,5.8e-4,0.00292,2.63,99089,289,494761,5267817,53.16
KOR,2016,35,3903530,3064.42,7.8e-4,0.0039,2.66,98800,385,493100,4773055,48.31
KOR,2016,40,4345141,5192.66,0.00121,0.00605,2.64,98415,595,490667,4279955,43.49
KOR,2016,45,4402296,8192.97,0.00184,0.00918,2.67,97819,898,487008,3789288,38.74
KOR,2016,50,4225465,11928.35,0.00285,0.01418,2.61,96922,1374,481322,3302280,34.07
KOR,2016,55,3975037,16689.88,0.00413,0.02043,2.63,95548,1952,473105,2820959,29.52
KOR,2016,60,2839729,17833.01,0.00609,0.03002,2.65,93596,2809,461376,2347854,25.08
KOR,2016,65,2164035,20334.43,0.00932,0.0456,2.7,90787,4140,444397,1886478,20.78
KOR,2016,70,1770921,28695.66,0.01601,0.07726,2.75,86647,6694,418163,1442080,16.64
KOR,2016,75,1373343,42372.98,0.03042,0.14213,2.69,79953,11364,373570,1023917,12.81
KOR,2016,80,829655,48234.85,0.05698,0.25102,2.63,68589,17217,302143,650347,9.48
KOR,2016,85,381474.85,39716.51,0.10218000000000001,0.40803,2.53,51372,20961,205133,348203,6.78
KOR,2016,90,127019.18,23022.67,0.17633,0.60032,2.34,30411,18256,103535,143070,4.7
KOR,2016,95,28697.600000000002,8372.77,0.28311,0.7784,2.11,12155,9461,33418,39536,3.25
LTU,2017,0,30409,85,0.00287,0.00287,0.14,100000,287,99754,7569891,75.7
LTU,2017,1,120262,22,1.8e-4,7.3e-4,2.02,99713,73,398708,7470136,74.92
LTU,2017,5,142254,24,1.7e-4,8.3e-4,2.27,99640,83,497973,7071428,70.97
LTU,2017,10,129197,21,1.6e-4,8.2e-4,2.79,99557,82,497604,6573455,66.03
LTU,2017,15,153051,65,4.3e-4,0.00213,3.12,99475,212,496979,6075850,61.08
LTU,2017,20,182556,111,6.3e-4,0.00315,2.79,99264,312,495628,5578871,56.2
LTU,2017,25,193381,201,0.00106,0.00528,2.77,98952,523,493590,5083243,51.37
LTU,2017,30,179798,294,0.00162,0.00808,2.69,98429,795,490303,4589653,46.63
LTU,2017,35,167640,406,0.00245,0.01217,2.59,97633,1188,485304,4099349,41.99
LTU,2017,40,185756,655,0.00358,0.01775,2.65,96446,1712,478198,3614045,37.47
LTU,2017,45,204487,1003,0.00494,0.02441,2.52,94734,2313,467934,3135847,33.1
LTU,2017,50,212589,1433,0.00683,0.0336,2.59,92421,3105,454618,2667913,28.87
LTU,2017,55,223136,2213,0.00984,0.04807,2.61,89316,4293,436322,2213295,24.78
LTU,2017,60,173191,2600,0.01486,0.07178,2.63,85023,6103,410640,1776973,20.9
LTU,2017,65,151223,3287,0.0215,0.10221,2.58,78920,8066,375099,1366333,17.31
LTU,2017,70,124160,3706,0.03026,0.14103,2.59,70853,9992,330223,991234,13.99
LTU,2017,75,118918,5325,0.04477,0.20195,2.58,60861,12291,274543,661011,10.86
LTU,2017,80,87032.42,6706,0.07683,0.32408,2.59,48570,15740,204876,386468,7.96
LTU,2017,85,49170.43,6917,0.14038,0.51535,2.42,32830,16919,120522,181592,5.53
LTU,2017,90,17060.3,3940,0.22804,0.70047,2.25,15911,11145,48875,61070,3.84
LTU,2017,95,2588.34,1127.9599999999998,0.37448,0.8682,1.91,4766,4138,11049,12196,2.56
LUX,2014,0,6114,17,0.00282,0.00282,0.14,100000,282,99759,8183286,81.83
LUX,2014,1,24960,6,2.4e-4,9.5e-4,1.67,99718,95,398653,8083528,81.06
LUX,2014,5,30394,4,1.3e-4,6.5e-4,2.5,99624,65,497956,7684875,77.14
LUX,2014,10,31086,4,1.3e-4,6.4e-4,2.95,99559,63,497664,7186919,72.19
LUX,2014,15,32451,8,2.5e-4,0.00123,2.75,99495,122,497201,6689255,67.23
LUX,2014,20,33715,6,1.8e-4,8.7e-4,2.64,99373,87,496660,6192054,62.31
LUX,2014,25,38940,12,3e-4,0.00149,3.24,99286,148,496168,5695394,57.36
LUX,2014,30,42118,25,5.9e-4,0.00293,2.24,99138,290,494888,5199226,52.44
LUX,2014,35,41945,26,6.1e-4,0.00304,2.77,98848,301,493569,4704338,47.59
LUX,2014,40,43324,49,0.00114,0.00569,2.28,98547,560,491209,4210770,42.73
LUX,2014,45,44711,77,0.00171,0.00849,2.77,97986,832,488080,3719561,37.96
LUX,2014,50,40512,114,0.00277,0.01375,2.63,97154,1336,482611,3231481,33.26
LUX,2014,55,34130,163,0.00473,0.0234,2.75,95818,2242,474043,2748870,28.69
LUX,2014,60,27906,224,0.00791,0.03881,2.55,93576,3632,458979,2274827,24.31
LUX,2014,65,22449,274,0.01204,0.05851,2.64,89944,5263,437278,1815848,20.19
LUX,2014,70,18303,350,0.01913,0.09161,2.7,84681,7758,405551,1378570,16.28
LUX,2014,75,14935,490,0.03221,0.14955,2.61,76923,11504,357156,973020,12.65
LUX,2014,80,12037,663,0.05619,0.24818,2.65,65420,16236,288931,615864,9.41
LUX,2014,85,6768.23,740,0.10459,0.41557,2.53,49184,20440,195428,326933,6.65
LUX,2014,90,2366.39,440,0.18267,0.61473,2.34,28745,17670,96735,131505,4.57
LUX,2014,95,444.37,149,0.29576,0.79311,2.08,11074,8783,29698,34770,3.14
LVA,2017,0,21841,86,0.00406,0.00404,0.14,100000,404,99653,7481922,74.82
LVA,2017,1,85132,17,1.9e-4,7.8e-4,1.47,99596,78,398187,7382269,74.12
LVA,2017,5,101634,11,1.1e-4,5.5e-4,2.08,99518,55,497431,6984082,70.18
LVA,2017,10,94980,18,1.9e-4,0.00093000000000000005,2.33,99463,93,497069,6486651,65.22
LVA,2017,15,85799,45,5.3e-4,0.00266,3.13,99371,264,496359,5989582,60.28
LVA,2017,20,102510,84,8.7e-4,0.00432,2.47,99106,428,494446,5493223,55.43
LVA,2017,25,137155,141,0.00105,0.00523,2.6,98678,516,492148,4998777,50.66
LVA,2017,30,138635,259,0.0018600000000000001,0.00925,2.78,98162,908,488792,4506629,45.91
LVA,2017,35,125024,317,0.00254,0.01263,2.63,97253,1228,483359,4017837,41.31
LVA,2017,40,132105,432,0.00332,0.01645,2.53,96025,1579,476228,3534478,36.81
LVA,2017,45,133550,687,0.00515,0.02544,2.59,94446,2403,466430,3058250,32.38
LVA,2017,50,135855,1051,0.00778,0.03824,2.7,92043,3520,452130,2591820,28.16
LVA,2017,55,144574,1583,0.01095,0.05336,2.63,88523,4724,431428,2139690,24.17
LVA,2017,60,123413,2020,0.01626,0.07825,2.61,83799,6557,403328,1708263,20.39
LVA,2017,65,110632,2609,0.02349,0.1111,2.57,77242,8582,365382,1304935,16.89
LVA,2017,70,86241,2790,0.03247,0.15059,2.59,68660,10340,318404,939552,13.68
LVA,2017,75,90133,4349,0.04863,0.21754,2.58,58320,12687,260904,621148,10.65
LVA,2017,80,55838,4445,0.07862,0.32921,2.53,45633,15023,191090,360245,7.89
LVA,2017,85,32523.53,4545,0.13928,0.51425,2.46,30611,15742,113021,169155,5.53
LVA,2017,90,10919.45,2644,0.23484,0.70953,2.21,14869,10550,44924,56134,3.78
LVA,2017,95,1621.31,624.03,0.36873,0.86344,1.92,4319,3729,10114,11209,2.6
NLD,2016,0,170341,597,0.00347,0.00346,0.14,100000,346,99703,8154738,81.55
NLD,2016,1,706513,106,1.5e-4,6e-4,1.78,99654,60,398481,8055035,80.83
NLD,2016,5,930038,55,6e-5,3e-4,2.57,99594,29,497896,7656553,76.88
NLD,2016,10,992880,79,8e-5,4e-4,2.52,99564,40,497721,7158657,71.9
NLD,2016,15,1018727,183,1.8e-4,8.9e-4,2.91,99524,89,497436,6660935,66.93
NLD,2016,20,1065946,315,3e-4,0.00148,2.48,99435,147,496806,6163500,61.98
NLD,2016,25,1071002,366,3.4e-4,0.00169,2.58,99288,168,496035,5666694,57.07
NLD,2016,30,1017341,480,4.7e-4,0.00234,2.57,99120,232,495037,5170658,52.17
NLD,2016,35,1009413,608,6e-4,0.003,2.53,98888,296,493709,4675621,47.28
NLD,2016,40,1119982,1098,9.9e-4,0.00494,2.73,98592,487,491854,4181912,42.42
NLD,2016,45,1286744,2043,0.00159,0.00792,2.65,98105,777,488698,3690058,37.61
NLD,2016,50,1280519,3625,0.00283,0.01406,2.71,97327,1368,483507,3201360,32.89
NLD,2016,55,1170614,5564,0.00472,0.02337,2.67,95959,2242,474566,2717853,28.32
NLD,2016,60,1053752,8058,0.00761,0.03737,2.65,93717,3502,460364,2243287,23.94
NLD,2016,65,1046703,12444,0.01199,0.0583,2.65,90215,5259,438708,1782923,19.76
NLD,2016,70,729512,14675,0.01936,0.09261,2.67,84955,7868,406475,1344215,15.82
NLD,2016,75,560345,18383,0.03266,0.15174,2.67,77087,11697,358195,937740,12.16
NLD,2016,80,394936,24330,0.06129,0.26756,2.63,65390,17495,285458,579544,8.86
NLD,2016,85,234047.85,27338,0.11602,0.45038,2.52,47895,21571,185926,294086,6.14
NLD,2016,90,96889.51000000001,20382,0.20914,0.66608,2.27,26324,17534,83838,108161,4.11
NLD,2016,95,22822.68,8267.97,0.34192,0.84229,1.99,8790,7404,21653,24323,2.77
NOR,2014,0,59335,144,0.00242,0.00241,0.14,100000,241,99793,8208822,82.09
NOR,2014,1,252577,29,1.2e-4,4.6e-4,1.72,99759,46,398928,8109028,81.29
NOR,2014,5,310750,25,8e-5,4e-4,2.09,99712,40,498446,7710100,77.32
NOR,2014,10,308183,21,7e-5,3.4e-4,2.67,99673,34,498284,7211654,72.35
NOR,2014,15,325805,68,2.1e-4,0.00104,2.85,99639,103,497971,6713370,67.38
NOR,2014,20,342428,135,3.9e-4,0.00196,2.66,99535,195,497220,6215400,62.44
NOR,2014,25,342336,160,4.6e-4,0.0023,2.55,99341,229,496143,5718179,57.56
NOR,2014,30,341063,193,5.6e-4,0.00281,2.52,99112,278,494869,5222036,52.69
NOR,2014,35,343328,250,7.3e-4,0.00363,2.72,98834,359,493350,4727167,47.83
NOR,2014,40,375806,345,9.2e-4,0.00458,2.71,98475,451,491343,4233817,42.99
NOR,2014,45,367228,577,0.00156,0.00777,2.72,98024,762,488383,3742474,38.18
NOR,2014,50,330455,912,0.00275,0.01364,2.68,97262,1327,483230,3254091,33.46
NOR,2014,55,311919,1297,0.00414,0.02048,2.6,95935,1964,474958,2770861,28.88
NOR,2014,60,285285,1935,0.00677,0.03334,2.64,93971,3133,462472,2295902,24.43
NOR,2014,65,273975,3086,0.01121,0.05461,2.68,90838,4961,442688,1833431,20.18
NOR,2014,70,183473,3377,0.01801,0.08645,2.67,85877,7424,412114,1390743,16.19
NOR,2014,75,134350,4324,0.03181,0.14802,2.66,78453,11612,365043,978629,12.47
NOR,2014,80,106410,6251,0.05857,0.25727,2.64,66841,17196,293594,613586,9.18
NOR,2014,85,71957,7655,0.10661,0.42172,2.52,49645,20936,196379,319992,6.45
NOR,2014,90,34151,6821,0.19769,0.64529,2.31,28709,18526,93709,123612,4.31
NOR,2014,95,8247,2789,0.31932,0.81998,2.03,10183,8350,26149,29903,2.94
NZL_MA,2008,0,18713.29,115,0.00611,0.00608,0.14,100000,608,99475,7407401,74.07
NZL_MA,2008,1,60325.78,28,4.2e-4,0.00169,1.3,99392,168,397117,7307926,73.53
NZL_MA,2008,5,70327.04,11,1.6e-4,7.8e-4,2.4,99225,78,495921,6910809,69.65
NZL_MA,2008,10,69582.83,17,2.4e-4,0.00122,3.27,99147,121,495524,6414889,64.7
NZL_MA,2008,15,67433.12,56,8.3e-4,0.00416,2.77,99026,412,494209,5919365,59.78
NZL_MA,2008,20,51065.26,64,0.00121,0.00602,2.32,98613,594,491475,5425156,55.01
NZL_MA,2008,25,43438.770000000004,35,8e-4,0.00402,2.48,98019,394,489103,4933681,50.33
NZL_MA,2008,30,42307.46,39,9.2e-4,0.00461,2.74,97626,450,487112,4444578,45.53
NZL_MA,2008,35,43311.05,75,0.00174,0.00864,2.75,97176,840,483990,3957466,40.72
NZL_MA,2008,40,40048.020000000004,116,0.00291,0.01445,2.77,96336,1392,478568,3473476,36.06
NZL_MA,2008,45,37586.83,145,0.00383,0.01897,2.69,94943,1801,470557,2994908,31.54
NZL_MA,2008,50,28574.53,201,0.00696,0.03427,2.77,93142,3192,458579,2524351,27.1
NZL_MA,2008,55,22067.59,284,0.01271,0.06168,2.61,89950,5548,436517,2065772,22.97
NZL_MA,2008,60,15549.4,307,0.0192,0.09161,2.5,84402,7732,402708,1629254,19.3
NZL_MA,2008,65,11750.75,326,0.02749,0.12883,2.56,76670,9877,359254,1226547,16
NZL_MA,2008,70,7831.889999999999,343,0.04308,0.1951,2.59,66793,13031,302519,867293,12.98
NZL_MA,2008,75,4631.3,253,0.0534,0.23603,2.54,53761,12689,237623,564774,10.51
NZL_MA,2008,80,2265.69,215,0.08933,0.36429,2.47,41072,14962,167501,327151,7.97
NZL_MA,2008,85,826.5,103,0.1294,0.48363,2.39,26110,12628,97586,159650,6.11
NZL_MA,2008,90,258.85,53,0.1878,0.62081,2.27,13482,8370,44570,62064,4.6
NZL_MA,2008,95,65.07,18,0.27033,0.75734,2.1,5112,3872,14323,17494,3.42
NZL_NM,2008,0,44226.09,180,0.00426,0.00424,0.14,100000,424,99636,8108539,81.09
NZL_NM,2008,1,172986.33,53,3e-4,0.00122,1.3,99576,121,397977,8008904,80.43
NZL_NM,2008,5,218463.75,25,1.2e-4,5.8e-4,2.28,99455,57,497118,7610927,76.53
NZL_NM,2008,10,234288.84,34,1.4e-4,7.2e-4,3.19,99398,72,496858,7113809,71.57
NZL_NM,2008,15,253609.36,139,5.5e-4,0.00274,2.84,99326,272,496043,6616950,66.62
NZL_NM,2008,20,243839.12,140,5.7e-4,0.00286,2.35,99054,283,494520,6120907,61.79
NZL_NM,2008,25,226050.24,136,5.9e-4,0.00297,2.47,98771,293,493114,5626387,56.96
NZL_NM,2008,30,232109.56,143,6.2e-4,0.00311,2.6,98478,306,491655,5133273,52.13
NZL_NM,2008,35,270160.55,247,9.2e-4,0.00459,2.62,98171,451,489783,4641618,47.28
NZL_NM,2008,40,276258.84,309,0.00112,0.00561,2.62,97720,548,487297,4151835,42.49
NZL_NM,2008,45,278830.89,457,0.00163,0.00811,2.55,97173,788,483930,3664539,37.71
NZL_NM,2008,50,244696.81,622,0.00252,0.01251,2.6,96384,1205,479024,3180609,33
NZL_NM,2008,55,221445.78,995,0.00448,0.02219,2.7,95179,2112,471035,2701585,28.38
NZL_NM,2008,60,189098.71000000002,1349,0.00704,0.03466,2.7,93067,3225,457912,2230550,23.97
NZL_NM,2008,65,152840.77,1791,0.01164,0.05665,2.66,89842,5089,437313,1772638,19.73
NZL_NM,2008,70,116337.53,2309,0.0197,0.09421,2.68,84752,7985,405241,1335325,15.76
NZL_NM,2008,75,99839.58,3504,0.03513,0.16244,2.68,76768,12470,354963,930084,12.12
NZL_NM,2008,80,74482.28,4670,0.06239,0.27159,2.62,64298,17463,279878,575120,8.94
NZL_NM,2008,85,41548.14,4780,0.11358,0.44197,2.49,46835,20699,182240,295242,6.3
NZL_NM,2008,90,15599.01,3076,0.19621,0.64,2.28,26135,16727,85250,113002,4.32
NZL_NM,2008,95,4083.54,1359,0.31773,0.81816,2.04,9409,7698,24227,27752,2.95
NZL_NP,2013,0,60726.13,260,0.00431,0.00429,0.14,100000,429,99631,8164251,81.64
NZL_NP,2013,1,253088.24,50,2e-4,8e-4,1.42,99571,80,398078,8064620,80.99
NZL_NP,2013,5,297104.58,25,8e-5,4.1e-4,2.07,99491,41,497336,7666541,77.06
NZL_NP,2013,10,298376.83999999997,30,1e-4,5.1e-4,2.67,99450,50,497135,7169205,72.09
NZL_NP,2013,15,312658.51,150,4.8e-4,0.00239,2.77,99400,237,496472,6672071,67.12
NZL_NP,2013,20,312807.6,168,5.3e-4,0.00264,2.41,99163,262,495136,6175599,62.28
NZL_NP,2013,25,276007.2,138,4.9e-4,0.00245,2.37,98901,242,493868,5680463,57.44
NZL_NP,2013,30,269716.39,160,5.9e-4,0.00294,2.48,98658,290,492560,5186596,52.57
NZL_NP,2013,35,280217.94,238,8.5e-4,0.00426,2.64,98368,419,490853,4694036,47.72
NZL_NP,2013,40,317125.41,398,0.00126,0.00627,2.66,97949,614,488308,4203183,42.91
NZL_NP,2013,45,313745.45,620,0.00198,0.00986,2.63,97335,960,484398,3714875,38.17
NZL_NP,2013,50,310278.1,965,0.0031,0.01538,2.71,96376,1483,478482,3230476,33.52
NZL_NP,2013,55,268606.05,1200,0.00443,0.02192,2.68,94893,2080,469631,2751995,29
NZL_NP,2013,60,240147.15,1637,0.00679,0.03341,2.71,92813,3101,456976,2282363,24.59
NZL_NP,2013,65,198529.92,2180,0.01081,0.05273,2.69,89712,4730,437650,1825388,20.35
NZL_NP,2013,70,152537.45,2802,0.01821,0.08732,2.65,84982,7421,407480,1387738,16.33
NZL_NP,2013,75,107817.7,3441,0.03169,0.14772,2.7,77561,11457,361491,980258,12.64
NZL_NP,2013,80,81926.68,4599,0.05609,0.24739,2.62,66104,16353,291566,618767,9.36
NZL_NP,2013,85,49316.28,5332,0.10751,0.42458,2.53,49751,21123,196485,327202,6.58
NZL_NP,2013,90,19200.03,3547,0.18073,0.60827,2.31,28627,17413,96348,130717,4.57
NZL_NP,2013,95,4932.59,1588,0.30354,0.8031,2.07,11214,9006,29671,34368,3.06
POL,2016,0,362130,1522,0.00415,0.00414,0.14,100000,414,99645,7780746,77.81
POL,2016,1,1529545,239,1.6e-4,6.3e-4,1.64,99586,63,398197,7681101,77.13
POL,2016,5,2065550,192,9e-5,4.6e-4,2.39,99523,46,497496,7282904,73.18
POL,2016,10,1797339,201,1.1e-4,5.6e-4,2.83,99477,56,497266,6785408,68.21
POL,2016,15,1977716,677,3.4e-4,0.00171,2.98,99422,170,496765,6288143,63.25
POL,2016,20,2411283,1311,5.5e-4,0.00277,2.59,99251,275,495593,5791378,58.35
POL,2016,25,2832463,1828,6.5e-4,0.00326,2.58,98976,323,494101,5295784,53.51
POL,2016,30,3245474,2863,8.8e-4,0.0044,2.64,98654,434,492246,4801684,48.67
POL,2016,35,3102846,4004,0.00129,0.00643,2.63,98220,632,489604,4309438,43.88
POL,2016,40,2730562,5595,0.00203,0.0101,2.73,97588,986,485706,3819834,39.14
POL,2016,45,2334025,8159,0.00348,0.01726,2.67,96602,1667,479135,3334128,34.51
POL,2016,50,2408302,13420,0.00561,0.02771,2.69,94935,2630,468596,2854992,30.07
POL,2016,55,2837050,24994,0.00891,0.04362,2.66,92305,4027,452090,2386397,25.85
POL,2016,60,2726536,36760,0.01344,0.06513,2.62,88278,5750,427708,1934307,21.91
POL,2016,65,2161758,42721,0.01938,0.09257,2.59,82528,7640,394236,1506598,18.26
POL,2016,70,1208233,33870,0.02714,0.12731,2.58,74889,9534,351343,1112363,14.85
POL,2016,75,1139332,45852,0.0405,0.18457,2.6,65354,12063,297828,761020,11.64
POL,2016,80,862711,58783,0.06794,0.29175,2.58,53292,15548,228834,463192,8.69
POL,2016,85,499072.33,60013,0.11913,0.45822,2.48,37744,17295,145176,234358,6.21
POL,2016,90,175746.12,35209,0.19559000000000001,0.63998,2.3,20449,13087,66911,89182,4.36
POL,2016,95,29574.49,9796,0.30939,0.80789,2.04,7362,5948,19224,22271,3.03
PRT,2015,0,82264,250.04,0.00298,0.00297,0.14,100000,297,99745,8112410,81.12
PRT,2015,1,367535,58,1.7e-4,6.6e-4,1.64,99703,66,398656,8012665,80.37
PRT,2015,5,499768,49,1e-4,4.9e-4,2.49,99637,49,498062,7614009,76.42
PRT,2015,10,540674,45,8e-5,4.2e-4,2.54,99588,42,497836,7115948,71.45
PRT,2015,15,552373,120,2.2e-4,0.00109,2.98,99546,108,497512,6618111,66.48
PRT,2015,20,553108,182,3.3e-4,0.00166,2.52,99438,165,496781,6120599,61.55
PRT,2015,25,566505,226,4e-4,0.00201,2.63,99273,199,495894,5623819,56.65
PRT,2015,30,668652,333.05,5.1e-4,0.00254,2.55,99074,252,494753,5127925,51.76
PRT,2015,35,786750,609.1,7.8e-4,0.00389,2.65,98822,384,493209,4633172,46.88
PRT,2015,40,797274,1136.17,0.00142,0.00708,2.65,98438,697,490550,4139963,42.06
PRT,2015,45,757206,1826.34,0.00242,0.01201,2.67,97741,1174,485969,3649413,37.34
PRT,2015,50,756100,2729.49,0.00361,0.01789,2.67,96567,1727,478808,3163443,32.76
PRT,2015,55,694551,3713.64,0.00534,0.02634,2.6,94840,2498,468204,2684635,28.31
PRT,2015,60,646895,5085.91,0.00782,0.03835,2.56,92341,3541,453063,2216431,24
PRT,2015,65,586336,6688.16,0.01137,0.0554,2.67,88800,4919,432525,1763368,19.86
PRT,2015,70,485196,8938.52,0.01827,0.08759,2.65,83881,7347,402142,1330843,15.87
PRT,2015,75,438065,13877.26,0.03176,0.14795,2.69,76534,11323,356460,928701,12.13
PRT,2015,80,333973,20332.14,0.0604,0.26415,2.63,65211,17225,285185,572240,8.78
PRT,2015,85,178128.48,21806.22,0.12021,0.46343,2.53,47985,22238,185000,287056,5.98
PRT,2015,90,68131.56,15000.11,0.21993,0.68641,2.26,25747,17673,80358,102056,3.96
PRT,2015,95,15337.18,5504.719999999999,0.35364,0.85269,1.96,8074,6885,19468,21698,2.69
RUS,2014,0,1883389,14180.48,0.00746,0.00742,0.13,100000,742,99358,7091642,70.92
RUS,2014,1,7015760,3165.34,4.4e-4,0.00176,1.68,99258,174,396630,6992284,70.45
RUS,2014,5,7662113,1842.04,2.4e-4,0.00118,2.38,99084,117,495114,6595653,66.57
RUS,2014,10,6822546,2027.8,3e-4,0.00148,2.77,98967,146,494509,6100539,61.64
RUS,2014,15,6955412,5387.35,7.8e-4,0.00389,2.81,98821,385,493261,5606030,56.73
RUS,2014,20,9970877,13791.38,0.00142,0.00708,2.65,98436,697,490543,5112769,51.94
RUS,2014,25,12522470,28927.86,0.00231,0.0115,2.66,97740,1124,486071,4622226,47.29
RUS,2014,30,11660628,44307.58,0.00377,0.01868,2.63,96616,1805,478805,4136155,42.81
RUS,2014,35,10613835,53652.54,0.00503,0.02486,2.53,94812,2357,468238,3657351,38.57
RUS,2014,40,9750525,56215.8,0.0057,0.02812,2.54,92454,2600,455864,3189113,34.49
RUS,2014,45,9186829,66147,0.00728,0.03578,2.58,89854,3215,441486,2733249,30.42
RUS,2014,50,11184223,107884.73,0.00977,0.04773,2.58,86640,4135,423210,2291763,26.45
RUS,2014,55,10634059,148835.52,0.0139,0.06725,2.6,82505,5549,399202,1868553,22.65
RUS,2014,60,8948524,178404.23,0.01979,0.09441,2.58,76956,7265,367166,1469351,19.09
RUS,2014,65,5268775,151724.17,0.02653,0.12448,2.53,69691,8675,327034,1102186,15.82
RUS,2014,70,4677550,165943,0.03723,0.17088,2.6,61016,10426,280042,775151,12.7
RUS,2014,75,4530254,275007.64,0.05923,0.25878,2.56,50590,13092,221041,495109,9.79
RUS,2014,80,2586376.2199999997,240391.9,0.0942,0.38189,2.52,37498,14320,152018,274068,7.31
RUS,2014,85,1442531.44,222845.44,0.15247,0.54473,2.38,23178,12626,82807,122050,5.27
RUS,2014,90,298456.67,76421.55,0.24254,0.72186,2.2,10552,7617,31405,39243,3.72
RUS,2014,95,57278.16,20935.61,0.35835,0.85268,1.93,2935,2503,6984,7838,2.67
SVK,2017,0,58277,263,0.00446,0.00445,0.14,100000,445,99618,7721843,77.22
SVK,2017,1,226328,58,2.5e-4,0.00101,1.49,99555,101,397968,7622225,76.56
SVK,2017,5,290886,34,1.2e-4,5.9e-4,2.34,99454,58,497117,7224258,72.64
SVK,2017,10,264737,33,1.2e-4,6.2e-4,2.77,99396,62,496843,6727141,67.68
SVK,2017,15,277754,107,3.8e-4,0.00191,3.32,99334,190,496352,6230298,62.72
SVK,2017,20,332754,153,4.7e-4,0.00235,2.46,99144,233,495130,5733946,57.83
SVK,2017,25,396907,231,5.9e-4,0.00293,2.59,98911,290,493856,5238815,52.96
SVK,2017,30,432619,322,7.5e-4,0.00373,2.72,98621,367,492268,4744959,48.11
SVK,2017,35,453287,486,0.00107,0.00536,2.77,98254,527,490093,4252691,43.28
SVK,2017,40,434461,792,0.0018,0.00899,2.73,97727,878,486643,3762598,38.5
SVK,2017,45,355840,1102,0.00308,0.01528,2.7,96849,1480,480838,3275955,33.83
SVK,2017,50,363869,2038,0.00563,0.02777,2.66,95369,2648,470652,2795117,29.31
SVK,2017,55,366397,3075,0.00844,0.04142,2.72,92720,3840,454829,2324465,25.07
SVK,2017,60,366568,4987,0.0136,0.0659,2.63,88880,5857,430535,1869636,21.04
SVK,2017,65,297613,5768,0.01907,0.09123,2.63,83023,7574,397130,1439102,17.33
SVK,2017,70,196756,5924,0.02949,0.13776,2.61,75448,10393,352417,1041971,13.81
SVK,2017,75,146356,6915,0.04692,0.21123,2.64,65055,13742,292864,689554,10.6
SVK,2017,80,97487,8090,0.08315,0.34599,2.58,51313,17754,213520,396690,7.73
SVK,2017,85,54235.96,7973,0.14661,0.53128,2.41,33559,17829,121610,183170,5.46
SVK,2017,90,19443.85,4440,0.22479,0.69583,2.26,15730,10945,48693,61560,3.91
SVK,2017,95,2950.36,1123,0.35493,0.85076,1.94,4784,4070,11468,12868,2.69
SVN,2017,0,20324,42,0.00207,0.00207,0.14,100000,207,99823,8092508,80.93
SVN,2017,1,85132,5,6e-5,2.4e-4,0.7,99793,24,399092,7992685,80.09
SVN,2017,5,110092,7,6e-5,3.2e-4,3.24,99769,32,498787,7593593,76.11
SVN,2017,10,93046,8,9e-5,4.4e-4,3.76,99737,44,498629,7094806,71.14
SVN,2017,15,93598,21,2.3e-4,0.00112,2.92,99693,112,498232,6596177,66.16
SVN,2017,20,102222,43,4.2e-4,0.00211,2.58,99581,210,497397,6097945,61.24
SVN,2017,25,123848,55,4.6e-4,0.0023,2.28,99371,229,496233,5600548,56.36
SVN,2017,30,140803,73,5.2e-4,0.0026,2.73,99142,257,495127,5104315,51.48
SVN,2017,35,156809,96,6.1e-4,0.00306,3.01,98885,302,493822,4609188,46.61
SVN,2017,40,152605,150,9.8e-4,0.00489,2.64,98582,482,491773,4115366,41.75
SVN,2017,45,146679,265,0.00181,0.009,2.75,98100,883,488512,3623593,36.94
SVN,2017,50,155160,533,0.00344,0.01706,2.65,97217,1658,482191,3135081,32.25
SVN,2017,55,148636,863,0.00581,0.02866,2.64,95559,2739,471332,2652890,27.76
SVN,2017,60,146515,1378,0.00941,0.04605,2.65,92820,4274,454061,2181558,23.5
SVN,2017,65,121360,1645,0.0134,0.06496,2.67,88546,5752,429314,1727498,19.51
SVN,2017,70,86507,1782,0.0204,0.09725,2.61,82794,8052,394764,1298183,15.68
SVN,2017,75,76767,2603,0.03365,0.15585,2.64,74742,11649,346206,903419,12.09
SVN,2017,80,57504,3626,0.06314,0.27452,2.62,63093,17320,274320,557213,8.83
SVN,2017,85,33508.99,3927,0.11633,0.45166,2.53,45773,20674,177713,282893,6.18
SVN,2017,90,12405.69,2572,0.20381,0.65746,2.3,25099,16502,80967,105180,4.19
SVN,2017,95,2363.27,815.01,0.33513,0.83577,2,8597,7186,21441,24213,2.82
SWE,2017,0,119023,278,0.00236,0.00235,0.14,100000,235,99799,8244061,82.44
SWE,2017,1,478018,49,1e-4,4.1e-4,1.79,99765,41,398968,8144262,81.63
SWE,2017,5,600853,38,6e-5,3.1e-4,2.24,99724,31,498534,7745294,77.67
SWE,2017,10,563100,51,9e-5,4.5e-4,3,99693,45,498374,7246760,72.69
SWE,2017,15,529612,129,2.4e-4,0.0012,3.16,99648,120,498020,6748386,67.72
SWE,2017,20,640179,268,4.2e-4,0.00212,2.6,99528,211,497135,6250366,62.8
SWE,2017,25,711687,400,5.5e-4,0.00276,2.52,99317,274,495906,5753231,57.93
SWE,2017,30,641176,358,5.5e-4,0.00274,2.5,99043,272,494537,5257325,53.08
SWE,2017,35,617317,401,6.4e-4,0.00321,2.57,98771,317,493085,4762788,48.22
SWE,2017,40,647816,578,8.9e-4,0.00446,2.55,98454,439,491194,4269703,43.37
SWE,2017,45,658991,906,0.00138,0.00687,2.77,98015,673,488570,3778509,38.55
SWE,2017,50,666684,1495,0.00222,0.01105,2.72,97342,1076,484252,3289939,33.8
SWE,2017,55,581418,2139,0.00366,0.01817,2.68,96266,1749,477278,2805687,29.15
SWE,2017,60,562422,3646,0.00647,0.03188,2.74,94516,3013,465762,2328409,24.63
SWE,2017,65,573266,5926,0.01041,0.05084,2.69,91503,4652,446748,1862646,20.36
SWE,2017,70,539911,9432,0.01725,0.08292,2.67,86851,7202,417491,1415898,16.3
SWE,2017,75,356786,10982,0.03028,0.14151,2.7,79649,11271,372269,998407,12.54
SWE,2017,80,247030,14124,0.05701,0.2516,2.67,68378,17204,301749,626138,9.16
SWE,2017,85,162748,17864,0.1098,0.43316,2.56,51174,22167,201879,324390,6.34
SWE,2017,90,75557,15217,0.20095,0.65259,2.31,29007,18930,94203,122510,4.22
SWE,2017,95,21548,7691,0.3361,0.8369,2,10077,8434,25094,28308,2.81
TWN,2014,0,183744,768,0.00413,0.00412,0.14,100000,412,99646,7955934,79.56
TWN,2014,1,803207,180,2.2e-4,8.7e-4,1.68,99588,86,398152,7856288,78.89
TWN,2014,5,1039973,154,1.5e-4,7.5e-4,2.43,99502,75,497318,7458136,74.95
TWN,2014,10,1319677,181,1.4e-4,7e-4,2.53,99427,70,496965,6960818,70.01
TWN,2014,15,1556952,508,3.2e-4,0.00162,2.97,99358,161,496462,6463852,65.06
TWN,2014,20,1601542,702,4.4e-4,0.00218,2.56,99197,216,495456,5967390,60.16
TWN,2014,25,1650491,870,5.3e-4,0.00266,2.67,98980,264,494287,5471934,55.28
TWN,2014,30,2014190,1706,8.5e-4,0.00425,2.71,98717,420,492622,4977647,50.42
TWN,2014,35,1924082,2817,0.00145,0.00724,2.72,98297,712,489862,4485025,45.63
TWN,2014,40,1815671,3900,0.00216,0.01074,2.67,97585,1048,485488,3995163,40.94
TWN,2014,45,1856314,6093,0.00329,0.01631,2.7,96537,1574,479070,3509675,36.36
TWN,2014,50,1863764,8547,0.00458,0.02266,2.63,94963,2151,469717,3030606,31.91
TWN,2014,55,1675557,10516,0.00621,0.03062,2.6,92811,2842,457236,2560889,27.59
TWN,2014,60,1373947,12566,0.00898,0.04399,2.65,89970,3958,440537,2103653,23.38
TWN,2014,65,792163,11307,0.0139,0.06732,2.65,86012,5790,416454,1663115,19.34
TWN,2014,70,696464,15551,0.0223,0.10591,2.64,80222,8496,381074,1246662,15.54
TWN,2014,75,523185,19999,0.03786,0.17391,2.66,71725,12474,329481,865588,12.07
TWN,2014,80,379470.39,24925,0.06544,0.28279,2.6,59251,16756,256037,536107,9.05
TWN,2014,85,213387.63,24142,0.11139,0.43539,2.49,42496,18502,166108,280070,6.59
TWN,2014,90,71618.67,13128,0.17706,0.60031,2.32,23994,14403,81346,113962,4.75
TWN,2014,95,16865.85,4767,0.27035,0.7594,2.11,9590,7283,26938,32616,3.4
UKR,2013,0,517301,4030,0.00794,0.00789,0.13,100000,789,99316,7135272,71.35
UKR,2013,1,2004486,718,3.6e-4,0.00142,1.55,99211,141,396498,7035956,70.92
UKR,2013,5,2168158,416,1.9e-4,9.4e-4,2.39,99070,93,495107,6639459,67.02
UKR,2013,10,1930653,465,2.4e-4,0.0012,2.75,98977,119,494617,6144351,62.08
UKR,2013,15,2405136,1368,5.8e-4,0.00287,2.83,98858,284,493672,5649734,57.15
UKR,2013,20,3232157,3127,9.9e-4,0.00492,2.67,98574,484,491741,5156062,52.31
UKR,2013,25,3868992,6248,0.00163,0.0081,2.67,98089,794,488598,4664320,47.55
UKR,2013,30,3476598,9583,0.00272,0.01353,2.7,97295,1317,483445,4175722,42.92
UKR,2013,35,3270101,12966,0.00395,0.01959,2.58,95978,1880,475339,3692277,38.47
UKR,2013,40,3113544,15488,0.00497,0.02455,2.59,94099,2310,464934,3216938,34.19
UKR,2013,45,3085767,20713,0.00677,0.03331,2.6,91789,3057,451602,2752004,29.98
UKR,2013,50,3500369,33017,0.00948,0.04636,2.61,88732,4113,433842,2300402,25.93
UKR,2013,55,3097369,42544,0.01358,0.06578,2.6,84618,5566,409732,1866560,22.06
UKR,2013,60,2796743,57523,0.02046,0.09757,2.62,79052,7713,376917,1456827,18.43
UKR,2013,65,1656868,47778,0.02789,0.13077,2.62,71340,9329,334503,1079910,15.14
UKR,2013,70,2153251,85301,0.04134,0.18811,2.61,62010,11664,282149,745408,12.02
UKR,2013,75,1492884,102861,0.06645,0.28547,2.54,50346,14372,216305,463258,9.2
UKR,2013,80,989404.49,99680,0.10407,0.41279,2.5,35974,14850,142688,246954,6.86
UKR,2013,85,487186.36,83642,0.16799,0.58088,2.35,21124,12270,73044,104266,4.94
UKR,2013,90,104913.52,28387,0.25893,0.74529,2.15,8853,6598,25483,31221,3.53
UKR,2013,95,16056.23,6513,0.3786,0.86806,1.88,2255,1957,5170,5738,2.54
USA,2016,0,3969795.89,23162.2,0.00585,0.00582,0.14,100000,582,99498,7890555,78.91
USA,2016,1,15947862.870000001,4045.21,2.5e-4,0.00101,1.63,99418,101,397434,7791057,78.37
USA,2016,5,20452660.4,2490.1,1.2e-4,6.1e-4,2.41,99318,61,496431,7393623,74.44
USA,2016,10,20618799.1,3013.14,1.5e-4,7.3e-4,2.81,99257,72,496126,6897192,69.49
USA,2016,15,21122987.009999998,10812.62,5.1e-4,0.00255,2.98,99185,253,495412,6401065,64.54
USA,2016,20,22534985.23,21764.3,9.7e-4,0.00484,2.62,98931,479,493517,5905653,59.69
USA,2016,25,22679490.13,27056.56,0.00118,0.00589,2.56,98453,580,490848,5412136,54.97
USA,2016,30,21748167.41,30564.71,0.0014,0.00698,2.58,97873,683,487708,4921288,50.28
USA,2016,35,20581987.93,35277.97,0.0017,0.00845,2.58,97190,821,483958,4433580,45.62
USA,2016,40,19955611.41,42516.29,0.00215,0.01068,2.64,96368,1029,479412,3949622,40.98
USA,2016,45,20890379.73,65592.51,0.00314,0.01557,2.66,95339,1484,473230,3470210,36.4
USA,2016,50,22073651,107945.81,0.00492,0.02434,2.67,93855,2284,463958,2996981,31.93
USA,2016,55,21879563.04,162149.72,0.00739,0.03632,2.64,91571,3326,449998,2533022,27.66
USA,2016,60,19267638.8,204309.99,0.01053,0.05134,2.62,88245,4531,430444,2083025,23.61
USA,2016,65,16442842.39,246672.06,0.01472,0.0711,2.62,83714,5952,404413,1652581,19.74
USA,2016,70,11647745.98,265439.77,0.02248,0.10673,2.64,77762,8300,369256,1248168,16.05
USA,2016,75,8247941.390000001,294892.99,0.03536,0.16306,2.62,69462,11327,320332,878912,12.65
USA,2016,80,5833646.52,342053.81,0.05837,0.25583,2.59,58136,14873,254798,558580,9.61
USA,2016,85,3895026.14,384494.07,0.0989,0.39691,2.51,43263,17171,173626,303782,7.02
USA,2016,90,1878382.83,310780.71,0.16388,0.57361,2.39,26091,14966,91326,130157,4.99
USA,2016,95,538677.62,159213.4,0.26137,0.74802,2.14,11125,8322,31839,38831,3.49
